薄,,,,,薄
薄,,,,,薄
薄,,,,,薄
厚,,,,,厚
薄,,,,,薄
厚,',腻',,,,'厚,腻'
薄,,,,,薄
薄,',剥脱',,,,'薄,剥脱'
厚,',腻',,,,'厚,腻'
薄,,,,,薄
薄,,,,,薄
薄,,,,,薄
厚,',腻',,,,'厚,腻'
厚,',腻',,,,'厚,腻'
薄,,,,,薄
薄,',腻',,,,'薄,腻'
薄,,,,,薄
薄,,,,,薄
薄,,,,,薄
厚,',腻',,,,'厚,腻'
薄,,,,,薄
少苔,,,,,少苔
薄,,,,,薄
薄,,,,,薄
薄,,,,,薄
薄,,,,,薄
薄,,,,,薄
薄,,,,,薄
薄,,,,,薄
薄,,,,,薄
薄,,,,,薄
薄,,,,,薄
薄,,,,,薄
薄,,,,,薄
厚,,,,,厚
薄,,,,,薄
薄,,,,,薄
薄,,,,,薄
厚,',腻',,,,'厚,腻'
薄,,,,,薄
薄,,,,,薄
薄,,,,,薄
薄,,,,,薄
厚,,,,,厚
薄,,,,,薄
薄,,,,,薄
薄,,,,,薄
薄,,,,,薄
薄,',剥脱',,,,'薄,剥脱'
厚,',腻',,,,'厚,腻'
薄,,,,,薄
薄,,,,,薄
薄,,,,,薄
薄,,,,,薄
薄,,,,,薄
薄,,,,,薄
薄,,,,,薄
薄,,,,,薄
薄,,,,,薄
薄,,,,,薄
薄,,,,,薄
薄,,,,,薄
薄,,,,,薄
薄,,,,,薄
薄,,,,,薄
薄,,,,,薄
薄,,,,,薄
薄,,,,,薄
薄,,,,,薄
薄,,,,,薄
薄,,,,,薄
薄,,,,,薄
薄,',剥脱',,,,'薄,剥脱'
薄,,,,,薄
薄,,,,,薄
薄,,,,,薄
薄,,,,,薄
薄,,,,,薄
薄,,,,,薄
腻,',薄',,,,'腻,薄'
薄,,,,,薄
厚,',腻',,,,'厚,腻'
厚,,,,,厚
薄,,,,,薄
薄,,,,,薄
薄,,,,,薄
薄,,,,,薄
厚,,,,,厚
薄,,,,,薄
薄,,,,,薄
厚,,,,,厚
厚,',腻',,,,'厚,腻'
薄,',腻',,,,'薄,腻'
薄,',剥脱',,,,'薄,剥脱'
薄,',腻',,,,'薄,腻'
薄,,,,,薄
薄,,,,,薄
薄,',腻',,,,'薄,腻'
薄,',腻',,,,'薄,腻'
薄,,,,,薄
薄,',剥脱',,,,'薄,剥脱'
薄,',腻',,,,'薄,腻'
薄,,,,,薄
薄,,,,,薄
薄,,,,,薄
薄,,,,,薄
薄,,,,,薄
薄,,,,,薄
薄,,,,,薄
薄,',腻',,,,'薄,腻'
薄,,,,,薄
薄,,,,,薄
薄,,,,,薄
薄,',腻',,,,'薄,腻'
薄,,,,,薄
薄,,,,,薄
薄,',剥脱',,,,'薄,剥脱'
薄,,,,,薄
薄,,,,,薄
薄,,,,,薄
薄,,,,,薄
薄,',腻',,,,'薄,腻'
薄,,,,,薄
薄,,,,,薄
薄,,,,,薄
薄,,,,,薄
薄,,,,,薄
薄,,,,,薄
薄,,,,,薄
薄,,,,,薄
薄,,,,,薄
薄,,,,,薄
薄,',腻',,,,'薄,腻'
薄,,,,,薄
薄,',腻',,,,'薄,腻'
薄,',腻',,,,'薄,腻'
薄,',腻',,,,'薄,腻'
薄,',剥脱',,,,'薄,剥脱'
薄,,,,,薄
薄,,,,,薄
薄,,,,,薄
薄,,,,,薄
薄,,,,,薄
薄,,,,,薄
薄,,,,,薄
薄,,,,,薄
薄,,,,,薄
薄,,,,,薄
薄,,,,,薄
薄,,,,,薄
薄,,,,,薄
薄,,,,,薄
厚,',腻',,,,'厚,腻'
薄,,,,,薄
薄,',腻',,,,'薄,腻'
薄,,,,,薄
薄,',剥脱',,,,'薄,剥脱'
薄,,,,,薄
薄,',腻',,,,'薄,腻'
薄,,,,,薄
薄,',腻',,,,'薄,腻'
薄,',剥脱',,,,'薄,剥脱'
薄,',剥脱',,,,'薄,剥脱'
薄,',剥脱',,,,'薄,剥脱'
薄,',腻',,,,'薄,腻'
厚,',腻',,,,'厚,腻'
薄,,,,,薄
薄,',腻',,,,'薄,腻'
薄,,,,,薄
薄,,,,,薄
薄,,,,,薄
薄,,,,,薄
薄,,,,,薄
薄,',剥脱',,,,'薄,剥脱'
薄,',剥脱',,,,'薄,剥脱'
薄,,,,,薄
薄,',腻',,,,'薄,腻'
薄,,,,,薄
薄,',腻',,,,'薄,腻'
薄,',剥脱',,,,'薄,剥脱'
薄,',剥脱',,,,'薄,剥脱'
薄,',腻',,,,'薄,腻'
薄,',剥脱',,,,'薄,剥脱'
薄,,,,,薄
薄,',腻',,,,'薄,腻'
薄,',腻',,,,'薄,腻'
薄,,,,,薄
薄,,,,,薄
薄,,,,,薄
厚,',腻',,,,'厚,腻'
薄,',腻',,,,'薄,腻'
厚,',腻',,,,'厚,腻'
厚,',腻',,,,'厚,腻'
薄,',腻',,,,'薄,腻'
薄,,,,,薄
厚,',腻',,,,'厚,腻'
薄,,,,,薄
薄,,,,,薄
薄,,,,,薄
薄,,,,,薄
薄,,,,,薄
薄,,,,,薄
薄,',腻',,,,'薄,腻'
薄,',腻',,,,'薄,腻'
薄,,,,,薄
薄,,,,,薄
薄,,,,,薄
厚,',腻',,,,'厚,腻'
薄,,,,,薄
薄,,,,,薄
厚,',腻',,,,'厚,腻'
厚,,,,,厚
薄,,,,,薄
薄,',剥脱',,,,'薄,剥脱'
薄,',剥脱',,,,'薄,剥脱'
厚,',腻',,,,'厚,腻'
厚,',腻',,,,'厚,腻'
薄,,,,,薄
薄,',腻',,,,'薄,腻'
薄,',剥脱',,,,'薄,剥脱'
薄,,,,,薄
厚,',腻',,,,'厚,腻'
薄,',剥脱',,,,'薄,剥脱'
薄,',剥脱',,,,'薄,剥脱'
薄,',剥脱',,,,'薄,剥脱'
厚,',腻',,,,'厚,腻'
薄,,,,,薄
薄,,,,,薄
薄,',腻',,,,'薄,腻'
薄,,,,,薄
薄,,,,,薄
薄,,,,,薄
薄,,,,,薄
薄,,,,,薄
薄,,,,,薄
薄,,,,,薄
薄,,,,,薄
薄,,,,,薄
薄,',腻',,,,'薄,腻'
薄,',剥脱',,,,'薄,剥脱'
薄,,,,,薄
薄,,,,,薄
薄,,,,,薄
薄,,,,,薄
薄,,,,,薄
薄,,,,,薄
薄,,,,,薄
薄,,,,,薄
薄,,,,,薄
薄,',腻',,,,'薄,腻'
薄,',腻',,,,'薄,腻'
薄,,,,,薄
薄,,,,,薄
厚,,,,,厚
薄,,,,,薄
薄,,,,,薄
薄,,,,,薄
薄,,,,,薄
薄,,,,,薄
厚,',腻',,,,'厚,腻'
薄,,,,,薄
腻,',厚',,,,'腻,厚'
薄,,,,,薄
薄,,,,,薄
薄,',腻',,,,'薄,腻'
薄,,,,,薄
薄,,,,,薄
薄,,,,,薄
薄,,,,,薄
薄,,,,,薄
薄,,,,,薄
薄,,,,,薄
薄,,,,,薄
少苔,,,,,少苔
厚,',腻',,,,'厚,腻'
薄,,,,,薄
薄,',腻',,,,'薄,腻'
薄,,,,,薄
薄,,,,,薄
薄,,,,,薄
薄,,,,,薄
薄,',剥脱',,,,'薄,剥脱'
薄,,,,,薄
薄,,,,,薄
薄,,,,,薄
薄,,,,,薄
薄,',剥脱',,,,'薄,剥脱'
薄,',剥脱',,,,'薄,剥脱'
薄,',剥脱',,,,'薄,剥脱'
薄,,,,,薄
厚,',腻',,,,'厚,腻'
薄,,,,,薄
厚,',腻',,,,'厚,腻'
厚,',腻',,,,'厚,腻'
薄,',腻',,,,'薄,腻'
薄,',腻',,,,'薄,腻'
薄,,,,,薄
薄,,,,,薄
薄,,,,,薄
薄,,,,,薄
薄,,,,,薄
薄,,,,,薄
薄,,,,,薄
薄,,,,,薄
薄,,,,,薄
薄,,,,,薄
薄,,,,,薄
薄,,,,,薄
薄,,,,,薄
薄,,,,,薄
薄,,,,,薄
薄,,,,,薄
薄,,,,,薄
薄,,,,,薄
薄,,,,,薄
薄,,,,,薄
薄,,,,,薄
薄,,,,,薄
薄,,,,,薄
薄,,,,,薄
薄,,,,,薄
薄,,,,,薄
薄,,,,,薄
薄,,,,,薄
薄,',腻',,,,'薄,腻'
薄,,,,,薄
薄,,,,,薄
薄,',腻',,,,'薄,腻'
薄,',腻',,,,'薄,腻'
薄,,,,,薄
薄,,,,,薄
薄,,,,,薄
薄,,,,,薄
薄,',剥脱',,,,'薄,剥脱'
薄,,,,,薄
薄,,,,,薄
薄,,,,,薄
薄,',腻',,,,'薄,腻'
薄,,,,,薄
薄,,,,,薄
薄,,,,,薄
薄,,,,,薄
薄,,,,,薄
薄,,,,,薄
薄,,,,,薄
薄,',剥脱',,,,'薄,剥脱'
薄,,,,,薄
薄,,,,,薄
厚,,,,,厚
薄,,,,,薄
薄,,,,,薄
薄,,,,,薄
薄,,,,,薄
薄,,,,,薄
厚,,,,,厚
薄,',剥脱',,,,'薄,剥脱'
薄,,,,,薄
薄,',剥脱',,,,'薄,剥脱'
薄,,,,,薄
厚,',腻',,,,'厚,腻'
厚,,,,,厚
厚,,,,,厚
薄,,,,,薄
薄,,,,,薄
薄,,,,,薄
薄,,,,,薄
薄,,,,,薄
薄,',腻',,,,'薄,腻'
薄,',剥脱',,,,'薄,剥脱'
薄,,,,,薄
薄,,,,,薄
厚,',腻',,,,'厚,腻'
厚,',腻',,,,'厚,腻'
薄,',剥脱',,,,'薄,剥脱'
薄,',剥脱',,,,'薄,剥脱'
薄,',剥脱',,,,'薄,剥脱'
薄,,,,,薄
薄,,,,,薄
薄,,,,,薄
薄,,,,,薄
薄,,,,,薄
厚,,,,,厚
薄,,,,,薄
薄,,,,,薄
薄,,,,,薄
薄,,,,,薄
薄,,,,,薄
薄,,,,,薄
薄,,,,,薄
薄,,,,,薄
薄,,,,,薄
薄,,,,,薄
薄,,,,,薄
厚,,,,,厚
厚,',腻',,,,'厚,腻'
薄,',剥脱',,,,'薄,剥脱'
薄,,,,,薄
薄,,,,,薄
薄,',腻',,,,'薄,腻'
厚,,,,,厚
薄,,,,,薄
薄,,,,,薄
薄,,,,,薄
薄,,,,,薄
薄,,,,,薄
薄,,,,,薄
薄,',腻',,,,'薄,腻'
厚,,,,,厚
厚,,,,,厚
薄,,,,,薄
薄,,,,,薄
薄,,,,,薄
薄,,,,,薄
薄,,,,,薄
薄,,,,,薄
薄,,,,,薄
厚,',腻',,,,'厚,腻'
薄,,,,,薄
厚,,,,,厚
薄,,,,,薄
薄,',腻',,,,'薄,腻'
薄,,,,,薄
薄,,,,,薄
薄,,,,,薄
厚,',腻',,,,'厚,腻'
薄,,,,,薄
薄,',剥脱',,,,'薄,剥脱'
薄,,,,,薄
薄,,,,,薄
薄,,,,,薄
薄,,,,,薄
薄,,,,,薄
薄,,,,,薄
薄,,,,,薄
薄,',腻',,,,'薄,腻'
薄,,,,,薄
薄,,,,,薄
薄,',剥脱',,,,'薄,剥脱'
厚,,,,,厚
薄,',剥脱',,,,'薄,剥脱'
薄,',剥脱',,,,'薄,剥脱'
厚,,,,,厚
薄,,,,,薄
薄,,,,,薄
薄,,,,,薄
薄,,,,,薄
薄,',腻',,,,'薄,腻'
薄,,,,,薄
薄,,,,,薄
薄,,,,,薄
薄,,,,,薄
薄,,,,,薄
薄,,,,,薄
薄,,,,,薄
薄,,,,,薄
薄,,,,,薄
薄,,,,,薄
腻,',厚',,,,'腻,厚'
厚,',腻',,,,'厚,腻'
厚,,,,,厚
薄,,,,,薄
薄,,,,,薄
薄,,,,,薄
薄,,,,,薄
薄,,,,,薄
薄,,,,,薄
薄,,,,,薄
薄,,,,,薄
厚,,,,,厚
薄,,,,,薄
薄,,,,,薄
薄,,,,,薄
薄,,,,,薄
薄,',腻',,,,'薄,腻'
薄,,,,,薄
薄,,,,,薄
薄,,,,,薄
薄,,,,,薄
厚,,,,,厚
薄,,,,,薄
薄,,,,,薄
薄,,,,,薄
厚,,,,,厚
薄,,,,,薄
薄,,,,,薄
薄,,,,,薄
薄,,,,,薄
薄,,,,,薄
薄,,,,,薄
厚,',腻',,,,'厚,腻'
薄,,,,,薄
薄,,,,,薄
厚,,,,,厚
厚,,,,,厚
薄,,,,,薄
薄,,,,,薄
薄,,,,,薄
薄,,,,,薄
厚,,,,,厚
薄,,,,,薄
薄,,,,,薄
薄,,,,,薄
薄,,,,,薄
厚,,,,,厚
薄,,,,,薄
薄,,,,,薄
薄,,,,,薄
薄,,,,,薄
薄,,,,,薄
薄,,,,,薄
薄,,,,,薄
薄,,,,,薄
厚,',腻',,,,'厚,腻'
薄,,,,,薄
薄,,,,,薄
薄,,,,,薄
薄,,,,,薄
薄,,,,,薄
薄,,,,,薄
薄,,,,,薄
薄,',剥脱',,,,'薄,剥脱'
薄,,,,,薄
薄,,,,,薄
薄,,,,,薄
薄,,,,,薄
薄,,,,,薄
薄,,,,,薄
薄,,,,,薄
薄,,,,,薄
薄,,,,,薄
薄,,,,,薄
薄,,,,,薄
薄,,,,,薄
薄,,,,,薄
薄,,,,,薄
薄,,,,,薄
薄,,,,,薄
薄,,,,,薄
薄,,,,,薄
薄,,,,,薄
薄,,,,,薄
薄,,,,,薄
薄,,,,,薄
薄,,,,,薄
薄,,,,,薄
薄,,,,,薄
薄,,,,,薄
薄,,,,,薄
薄,,,,,薄
薄,,,,,薄
薄,,,,,薄
薄,,,,,薄
薄,,,,,薄
薄,,,,,薄
薄,,,,,薄
薄,,,,,薄
薄,,,,,薄
薄,,,,,薄
薄,,,,,薄
薄,,,,,薄
薄,,,,,薄
薄,,,,,薄
厚,',腻',,,,'厚,腻'
薄,,,,,薄
厚,',腻',,,,'厚,腻'
薄,,,,,薄
薄,,,,,薄
薄,,,,,薄
薄,,,,,薄
薄,,,,,薄
薄,,,,,薄
薄,,,,,薄
薄,,,,,薄
薄,,,,,薄
薄,,,,,薄
薄,,,,,薄
薄,,,,,薄
薄,,,,,薄
薄,',腻',,,,'薄,腻'
薄,,,,,薄
薄,,,,,薄
薄,,,,,薄
厚,,,,,厚
薄,,,,,薄
薄,,,,,薄
薄,,,,,薄
薄,,,,,薄
薄,,,,,薄
薄,,,,,薄
薄,',腻',,,,'薄,腻'
薄,,,,,薄
薄,,,,,薄
薄,,,,,薄
薄,,,,,薄
薄,,,,,薄
薄,,,,,薄
薄,,,,,薄
薄,,,,,薄
薄,,,,,薄
薄,,,,,薄
薄,,,,,薄
薄,,,,,薄
薄,,,,,薄
薄,,,,,薄
薄,,,,,薄
薄,,,,,薄
薄,',剥脱',,,,'薄,剥脱'
薄,,,,,薄
薄,,,,,薄
薄,,,,,薄
薄,,,,,薄
薄,,,,,薄
薄,,,,,薄
薄,,,,,薄
薄,,,,,薄
薄,,,,,薄
薄,,,,,薄
薄,',腻',,,,'薄,腻'
薄,,,,,薄
厚,,,,,厚
厚,,,,,厚
厚,,,,,厚
厚,,,,,厚
薄,,,,,薄
薄,,,,,薄
厚,,,,,厚
薄,',腻',,,,'薄,腻'
厚,,,,,厚
薄,,,,,薄
厚,',腻',,,,'厚,腻'
薄,,,,,薄
薄,,,,,薄
薄,,,,,薄
薄,,,,,薄
厚,',腻',,,,'厚,腻'
薄,,,,,薄
薄,,,,,薄
薄,,,,,薄
薄,,,,,薄
薄,,,,,薄
薄,',腻',,,,'薄,腻'
薄,',腻',,,,'薄,腻'
薄,,,,,薄
薄,,,,,薄
腻,',厚',,,,'腻,厚'
薄,,,,,薄
燥,',润',',薄',厚,,'燥,润,薄厚'
薄,',腻',,,,'薄,腻'
薄,,,,,薄
薄,',剥脱',,,,'薄,剥脱'
薄,,,,,薄
薄,',剥脱',,,,'薄,剥脱'
薄,,,,,薄
薄,,,,,薄
薄,,,,,薄
薄,,,,,薄
薄,,,,,薄
薄,,,,,薄
薄,,,,,薄
薄,,,,,薄
薄,',剥脱',,,,'薄,剥脱'
薄,,,,,薄
薄,',剥脱',,,,'薄,剥脱'
薄,',剥脱',,,,'薄,剥脱'
薄,,,,,薄
薄,,,,,薄
薄,,,,,薄
薄,,,,,薄
薄,',剥脱',,,,'薄,剥脱'
薄,,,,,薄
薄,,,,,薄
薄,,,,,薄
薄,,,,,薄
薄,,,,,薄
薄,',腻',,,,'薄,腻'
薄,,,,,薄
薄,,,,,薄
薄,,,,,薄
薄,,,,,薄
薄,',腻',,,,'薄,腻'
薄,,,,,薄
薄,,,,,薄
薄,',腻',,,,'薄,腻'
薄,,,,,薄
薄,,,,,薄
薄,',剥脱',,,,'薄,剥脱'
薄,,,,,薄
薄,,,,,薄
薄,,,,,薄
薄,,,,,薄
薄,,,,,薄
薄,',腻',,,,'薄,腻'
薄,',腻',,,,'薄,腻'
薄,',腻',,,,'薄,腻'
薄,,,,,薄
厚,,,,,厚
薄,',腻',,,,'薄,腻'
薄,,,,,薄
薄,,,,,薄
薄,,,,,薄
薄,',腻',,,,'薄,腻'
厚,,,,,厚
薄,,,,,薄
薄,,,,,薄
薄,',腻',,,,'薄,腻'
,,,,,
薄,,,,,薄
薄,,,,,薄
薄,',剥脱',,,,'薄,剥脱'
薄,,,,,薄
薄,,,,,薄
薄,,,,,薄
薄,,,,,薄
润,,,,,润
薄,,,,,薄
薄,,,,,薄
薄,,,,,薄
薄,,,,,薄
薄,,,,,薄
薄,,,,,薄
薄,,,,,薄
薄,,,,,薄
薄,,,,,薄
薄,,,,,薄
厚,',腻',,,,'厚,腻'
薄,,,,,薄
薄,',腻',,,,'薄,腻'
薄,,,,,薄
薄,,,,,薄
薄,,,,,薄
薄,',腻',,,,'薄,腻'
薄,,,,,薄
薄,,,,,薄
薄,',腻',,,,'薄,腻'
薄,',腻',,,,'薄,腻'
薄,,,,,薄
薄,,,,,薄
薄,,,,,薄
薄,,,,,薄
薄,,,,,薄
薄,,,,,薄
薄,,,,,薄
厚,',腻',,,,'厚,腻'
厚,',腻',,,,'厚,腻'
厚,',腻',,,,'厚,腻'
厚,',腻',,,,'厚,腻'
厚,',腻',,,,'厚,腻'
厚,',腻',,,,'厚,腻'
厚,',腻',,,,'厚,腻'
薄,',腻',,,,'薄,腻'
厚,,,,,厚
薄,,,,,薄
薄,,,,,薄
,,,,,
,,,,,
薄,,,,,薄
,,,,,
薄,',腻',,,,'薄,腻'
厚,',腻',,,,'厚,腻'
薄,',腻',,,,'薄,腻'
,,,,,
薄,,,,,薄
薄,,,,,薄
薄,,,,,薄
薄,,,,,薄
薄,,,,,薄
薄,,,,,薄
薄,,,,,薄
薄,,,,,薄
薄,,,,,薄
薄,,,,,薄
厚,',腻',,,,'厚,腻'
薄,',腻',,,,'薄,腻'
薄,,,,,薄
薄,',腻',,,,'薄,腻'
薄,,,,,薄
薄,,,,,薄
薄,,,,,薄
薄,,,,,薄
薄,,,,,薄
薄,,,,,薄
薄,,,,,薄
薄,,,,,薄
薄,,,,,薄
薄,,,,,薄
薄,,,,,薄
薄,,,,,薄
薄,,,,,薄
薄,,,,,薄
厚,,,,,厚
薄,',腻',,,,'薄,腻'
薄,,,,,薄
薄,,,,,薄
薄,,,,,薄
薄,',腻',,,,'薄,腻'
薄,,,,,薄
润,,,,,润
薄,,,,,薄
薄,,,,,薄
薄,,,,,薄
薄,,,,,薄
薄,,,,,薄
薄,,,,,薄
薄,,,,,薄
薄,,,,,薄
薄,',腻',,,,'薄,腻'
薄,,,,,薄
薄,,,,,薄
薄,,,,,薄
薄,,,,,薄
薄,,,,,薄
薄,,,,,薄
薄,,,,,薄
薄,,,,,薄
薄,',腻',,,,'薄,腻'
薄,',腻',,,,'薄,腻'
薄,,,,,薄
薄,,,,,薄
厚,',腻',,,,'厚,腻'
薄,,,,,薄
薄,,,,,薄
薄,,,,,薄
薄,',腻',,,,'薄,腻'
薄,',腻',,,,'薄,腻'
薄,',腻',,,,'薄,腻'
薄,,,,,薄
薄,',腻',,,,'薄,腻'
薄,,,,,薄
薄,,,,,薄
薄,,,,,薄
薄,,,,,薄
厚,',腻',,,,'厚,腻'
薄,,,,,薄
薄,,,,,薄
薄,,,,,薄
薄,,,,,薄
薄,,,,,薄
薄,,,,,薄
薄,,,,,薄
薄,,,,,薄
薄,,,,,薄
薄,,,,,薄
薄,,,,,薄
厚,',腻',,,,'厚,腻'
薄,,,,,薄
腻,',薄',,,,'腻,薄'
薄,,,,,薄
薄,,,,,薄
薄,,,,,薄
薄,',腻',,,,'薄,腻'
薄,,,,,薄
薄,,,,,薄
薄,,,,,薄
厚,,,,,厚
薄,,,,,薄
薄,,,,,薄
薄,,,,,薄
薄,,,,,薄
薄,,,,,薄
薄,,,,,薄
厚,,,,,厚
薄,,,,,薄
薄,,,,,薄
厚,,,,,厚
厚,',腻',,,,'厚,腻'
薄,,,,,薄
薄,,,,,薄
薄,',腻',,,,'薄,腻'
薄,,,,,薄
薄,,,,,薄
薄,,,,,薄
薄,,,,,薄
薄,',腻',,,,'薄,腻'
薄,,,,,薄
薄,,,,,薄
,,,,,
薄,,,,,薄
薄,,,,,薄
薄,,,,,薄
薄,,,,,薄
薄,,,,,薄
薄,,,,,薄
薄,,,,,薄
厚,,,,,厚
薄,,,,,薄
薄,,,,,薄
薄,,,,,薄
薄,,,,,薄
薄,,,,,薄
薄,,,,,薄
薄,,,,,薄
薄,,,,,薄
薄,,,,,薄
薄,,,,,薄
薄,,,,,薄
薄,,,,,薄
薄,,,,,薄
薄,,,,,薄
薄,',腻',,,,'薄,腻'
薄,,,,,薄
薄,,,,,薄
薄,,,,,薄
薄,',剥脱',,,,'薄,剥脱'
薄,,,,,薄
厚,',腻',,,,'厚,腻'
薄,,,,,薄
薄,',剥脱',,,,'薄,剥脱'
薄,,,,,薄
薄,,,,,薄
薄,',剥脱',,,,'薄,剥脱'
薄,,,,,薄
厚,,,,,厚
厚,',腻',,,,'厚,腻'
薄,,,,,薄
薄,,,,,薄
厚,,,,,厚
薄,,,,,薄
薄,,,,,薄
薄,,,,,薄
薄,,,,,薄
薄,,,,,薄
薄,,,,,薄
薄,,,,,薄
薄,,,,,薄
薄,,,,,薄
薄,,,,,薄
,,,,,
薄,,,,,薄
薄,,,,,薄
薄,,,,,薄
薄,,,,,薄
薄,,,,,薄
薄,,,,,薄
薄,',剥脱',,,,'薄,剥脱'
薄,',腻',,,,'薄,腻'
薄,,,,,薄
薄,,,,,薄
薄,,,,,薄
薄,,,,,薄
薄,,,,,薄
厚,,,,,厚
厚,',腻',,,,'厚,腻'
薄,,,,,薄
薄,,,,,薄
薄,,,,,薄
薄,,,,,薄
薄,,,,,薄
薄,,,,,薄
薄,,,,,薄
薄,,,,,薄
薄,,,,,薄
薄,,,,,薄
薄,,,,,薄
薄,,,,,薄
薄,,,,,薄
薄,,,,,薄
薄,,,,,薄
薄,,,,,薄
薄,,,,,薄
薄,,,,,薄
薄,',剥脱',,,,'薄,剥脱'
厚,',腻',,,,'厚,腻'
薄,,,,,薄
燥,,,,,燥
厚,,,,,厚
薄,,,,,薄
薄,,,,,薄
薄,,,,,薄
薄,,,,,薄
薄,,,,,薄
薄,,,,,薄
薄,,,,,薄
薄,,,,,薄
薄,,,,,薄
薄,,,,,薄
薄,,,,,薄
厚,',腻',,,,'厚,腻'
薄,,,,,薄
薄,,,,,薄
薄,,,,,薄
薄,,,,,薄
薄,',腻',,,,'薄,腻'
厚,,,,,厚
薄,,,,,薄
薄,,,,,薄
薄,,,,,薄
薄,,,,,薄
薄,,,,,薄
薄,,,,,薄
薄,,,,,薄
薄,,,,,薄
薄,,,,,薄
薄,,,,,薄
薄,,,,,薄
薄,,,,,薄
薄,,,,,薄
薄,,,,,薄
厚,',腻',,,,'厚,腻'
薄,,,,,薄
薄,,,,,薄
薄,,,,,薄
薄,,,,,薄
厚,,,,,厚
薄,,,,,薄
厚,,,,,厚
薄,,,,,薄
薄,,,,,薄
薄,,,,,薄
薄,,,,,薄
薄,,,,,薄
薄,,,,,薄
薄,',腻',,,,'薄,腻'
薄,,,,,薄
薄,,,,,薄
薄,,,,,薄
薄,,,,,薄
薄,,,,,薄
厚,,,,,厚
薄,,,,,薄
薄,,,,,薄
薄,,,,,薄
薄,,,,,薄
薄,,,,,薄
薄,,,,,薄
薄,,,,,薄
薄,,,,,薄
厚,,,,,厚
薄,,,,,薄
薄,,,,,薄
薄,,,,,薄
薄,,,,,薄
薄,,,,,薄
厚,,,,,厚
薄,,,,,薄
薄,,,,,薄
剥脱,',薄',,,,'剥脱,薄'
薄,,,,,薄
薄,,,,,薄
薄,,,,,薄
薄,,,,,薄
薄,,,,,薄
薄,,,,,薄
薄,,,,,薄
薄,,,,,薄
薄,,,,,薄
厚,,,,,厚
薄,,,,,薄
薄,,,,,薄
薄,,,,,薄
薄,,,,,薄
薄,,,,,薄
薄,,,,,薄
薄,,,,,薄
薄,,,,,薄
薄,,,,,薄
薄,,,,,薄
薄,,,,,薄
薄,,,,,薄
薄,,,,,薄
薄,,,,,薄
薄,,,,,薄
薄,,,,,薄
薄,,,,,薄
薄,,,,,薄
厚,,,,,厚
薄,,,,,薄
薄,,,,,薄
薄,,,,,薄
薄,,,,,薄
薄,,,,,薄
薄,,,,,薄
薄,,,,,薄
薄,,,,,薄
薄,,,,,薄
薄,,,,,薄
薄,,,,,薄
薄,,,,,薄
薄,,,,,薄
厚,,,,,厚
薄,,,,,薄
薄,,,,,薄
薄,,,,,薄
薄,,,,,薄
薄,,,,,薄
薄,,,,,薄
薄,,,,,薄
薄,,,,,薄
厚,,,,,厚
薄,,,,,薄
薄,,,,,薄
薄,,,,,薄
薄,,,,,薄
薄,,,,,薄
薄,,,,,薄
薄,,,,,薄
薄,',剥脱',,,,'薄,剥脱'
薄,,,,,薄
薄,,,,,薄
薄,,,,,薄
薄,,,,,薄
薄,,,,,薄
薄,,,,,薄
薄,,,,,薄
薄,,,,,薄
薄,,,,,薄
薄,,,,,薄
薄,,,,,薄
薄,,,,,薄
薄,,,,,薄
薄,,,,,薄
薄,,,,,薄
厚,,,,,厚
薄,,,,,薄
薄,,,,,薄
薄,,,,,薄
薄,,,,,薄
薄,,,,,薄
薄,,,,,薄
薄,,,,,薄
薄,,,,,薄
厚,,,,,厚
薄,,,,,薄
薄,,,,,薄
厚,',腻',,,,'厚,腻'
薄,,,,,薄
薄,,,,,薄
薄,,,,,薄
薄,,,,,薄
薄,,,,,薄
薄,,,,,薄
厚,,,,,厚
薄,,,,,薄
薄,,,,,薄
薄,,,,,薄
薄,,,,,薄
薄,,,,,薄
薄,,,,,薄
薄,,,,,薄
厚,,,,,厚
薄,,,,,薄
薄,,,,,薄
薄,,,,,薄
薄,,,,,薄
薄,,,,,薄
薄,,,,,薄
薄,,,,,薄
薄,,,,,薄
薄,,,,,薄
薄,,,,,薄
薄,,,,,薄
薄,,,,,薄
薄,,,,,薄
薄,',剥脱',,,,'薄,剥脱'
薄,,,,,薄
薄,,,,,薄
薄,,,,,薄
薄,,,,,薄
薄,,,,,薄
薄,,,,,薄
薄,,,,,薄
厚,,,,,厚
薄,,,,,薄
薄,,,,,薄
薄,,,,,薄
薄,,,,,薄
薄,,,,,薄
薄,',腻',,,,'薄,腻'
厚,,,,,厚
薄,,,,,薄
厚,',腻',,,,'厚,腻'
厚,,,,,厚
薄,,,,,薄
薄,,,,,薄
薄,,,,,薄
薄,,,,,薄
薄,,,,,薄
薄,,,,,薄
薄,,,,,薄
薄,,,,,薄
厚,',剥脱',,,,'厚,剥脱'
薄,,,,,薄
薄,,,,,薄
薄,,,,,薄
薄,,,,,薄
薄,,,,,薄
厚,,,,,厚
薄,,,,,薄
薄,,,,,薄
薄,,,,,薄
厚,,,,,厚
薄,,,,,薄
薄,,,,,薄
薄,,,,,薄
薄,,,,,薄
薄,,,,,薄
薄,,,,,薄
厚,,,,,厚
厚,,,,,厚
薄,,,,,薄
薄,,,,,薄
薄,,,,,薄
薄,,,,,薄
薄,,,,,薄
厚,,,,,厚
薄,,,,,薄
薄,,,,,薄
薄,,,,,薄
薄,,,,,薄
薄,,,,,薄
厚,,,,,厚
薄,,,,,薄
薄,,,,,薄
薄,,,,,薄
薄,,,,,薄
薄,,,,,薄
薄,,,,,薄
厚,,,,,厚
薄,,,,,薄
薄,,,,,薄
薄,,,,,薄
薄,,,,,薄
厚,,,,,厚
薄,,,,,薄
薄,,,,,薄
薄,,,,,薄
薄,,,,,薄
厚,,,,,厚
薄,,,,,薄
薄,,,,,薄
薄,,,,,薄
薄,,,,,薄
薄,,,,,薄
薄,,,,,薄
薄,,,,,薄
薄,,,,,薄
薄,,,,,薄
薄,,,,,薄
薄,,,,,薄
厚,',腻',,,,'厚,腻'
薄,,,,,薄
薄,,,,,薄
薄,,,,,薄
薄,,,,,薄
厚,,,,,厚
薄,',剥脱',,,,'薄,剥脱'
薄,,,,,薄
薄,,,,,薄
薄,,,,,薄
薄,,,,,薄
薄,,,,,薄
薄,,,,,薄
薄,,,,,薄
薄,,,,,薄
厚,,,,,厚
薄,,,,,薄
薄,,,,,薄
薄,,,,,薄
薄,,,,,薄
薄,,,,,薄
薄,,,,,薄
薄,,,,,薄
薄,,,,,薄
薄,,,,,薄
厚,,,,,厚
厚,,,,,厚
厚,,,,,厚
薄,',剥脱',,,,'薄,剥脱'
薄,',剥脱',,,,'薄,剥脱'
薄,,,,,薄
薄,,,,,薄
薄,,,,,薄
薄,,,,,薄
薄,,,,,薄
薄,,,,,薄
薄,,,,,薄
薄,,,,,薄
薄,,,,,薄
薄,,,,,薄
薄,,,,,薄
薄,,,,,薄
薄,,,,,薄
厚,,,,,厚
薄,,,,,薄
薄,,,,,薄
薄,,,,,薄
薄,,,,,薄
厚,',腻',,,,'厚,腻'
薄,,,,,薄
薄,,,,,薄
薄,,,,,薄
薄,,,,,薄
薄,,,,,薄
薄,,,,,薄
薄,,,,,薄
薄,,,,,薄
薄,,,,,薄
薄,,,,,薄
薄,,,,,薄
薄,,,,,薄
薄,,,,,薄
薄,',腻',,,,'薄,腻'
薄,,,,,薄
薄,,,,,薄
薄,,,,,薄
薄,,,,,薄
薄,,,,,薄
薄,,,,,薄
薄,,,,,薄
薄,,,,,薄
厚,,,,,厚
薄,,,,,薄
薄,,,,,薄
薄,,,,,薄
厚,,,,,厚
薄,,,,,薄
薄,,,,,薄
薄,,,,,薄
薄,,,,,薄
薄,,,,,薄
薄,,,,,薄
薄,,,,,薄
厚,,,,,厚
薄,,,,,薄
薄,,,,,薄
薄,,,,,薄
薄,,,,,薄
少苔,,,,,少苔
薄,,,,,薄
厚,',腻',,,,'厚,腻'
薄,,,,,薄
薄,,,,,薄
薄,,,,,薄
薄,,,,,薄
薄,,,,,薄
薄,,,,,薄
薄,,,,,薄
薄,,,,,薄
薄,,,,,薄
薄,,,,,薄
薄,,,,,薄
薄,,,,,薄
薄,,,,,薄
薄,,,,,薄
薄,,,,,薄
薄,,,,,薄
薄,,,,,薄
薄,,,,,薄
薄,,,,,薄
薄,,,,,薄
薄,,,,,薄
厚,,,,,厚
薄,,,,,薄
薄,,,,,薄
薄,,,,,薄
厚,,,,,厚
薄,,,,,薄
薄,,,,,薄
薄,,,,,薄
薄,,,,,薄
薄,,,,,薄
厚,',腻',,,,'厚,腻'
薄,,,,,薄
薄,,,,,薄
薄,,,,,薄
厚,',腻',,,,'厚,腻'
薄,,,,,薄
薄,,,,,薄
薄,,,,,薄
薄,,,,,薄
薄,,,,,薄
厚,,,,,厚
薄,,,,,薄
薄,,,,,薄
薄,,,,,薄
薄,,,,,薄
薄,,,,,薄
薄,,,,,薄
薄,,,,,薄
薄,,,,,薄
薄,,,,,薄
薄,,,,,薄
厚,,,,,厚
薄,,,,,薄
厚,,,,,厚
薄,,,,,薄
薄,,,,,薄
薄,,,,,薄
薄,,,,,薄
薄,,,,,薄
薄,,,,,薄
厚,,,,,厚
薄,,,,,薄
薄,,,,,薄
薄,,,,,薄
薄,,,,,薄
薄,,,,,薄
薄,,,,,薄
薄,,,,,薄
薄,,,,,薄
薄,,,,,薄
薄,,,,,薄
薄,,,,,薄
薄,,,,,薄
薄,,,,,薄
薄,,,,,薄
薄,,,,,薄
薄,,,,,薄
薄,,,,,薄
薄,,,,,薄
厚,,,,,厚
薄,,,,,薄
薄,,,,,薄
薄,,,,,薄
薄,,,,,薄
薄,,,,,薄
厚,',腻',,,,'厚,腻'
薄,,,,,薄
薄,,,,,薄
薄,,,,,薄
薄,,,,,薄
薄,,,,,薄
薄,,,,,薄
厚,,,,,厚
薄,,,,,薄
薄,,,,,薄
薄,,,,,薄
薄,,,,,薄
薄,,,,,薄
薄,,,,,薄
薄,,,,,薄
薄,,,,,薄
薄,,,,,薄
薄,,,,,薄
薄,,,,,薄
薄,,,,,薄
薄,,,,,薄
薄,,,,,薄
薄,,,,,薄
厚,,,,,厚
厚,,,,,厚
厚,,,,,厚
薄,,,,,薄
厚,,,,,厚
薄,,,,,薄
薄,,,,,薄
薄,,,,,薄
厚,,,,,厚
薄,,,,,薄
薄,,,,,薄
厚,,,,,厚
薄,,,,,薄
厚,',腻',,,,'厚,腻'
厚,,,,,厚
薄,,,,,薄
薄,,,,,薄
薄,,,,,薄
薄,,,,,薄
薄,,,,,薄
薄,,,,,薄
厚,,,,,厚
薄,,,,,薄
薄,,,,,薄
薄,,,,,薄
厚,,,,,厚
薄,,,,,薄
薄,,,,,薄
薄,,,,,薄
薄,,,,,薄
薄,,,,,薄
薄,,,,,薄
薄,,,,,薄
薄,,,,,薄
薄,,,,,薄
薄,,,,,薄
薄,,,,,薄
薄,,,,,薄
薄,,,,,薄
薄,,,,,薄
薄,,,,,薄
薄,,,,,薄
薄,,,,,薄
薄,,,,,薄
薄,,,,,薄
薄,,,,,薄
薄,,,,,薄
薄,,,,,薄
薄,,,,,薄
厚,',腻',,,,'厚,腻'
薄,,,,,薄
薄,,,,,薄
薄,,,,,薄
薄,,,,,薄
薄,,,,,薄
薄,,,,,薄
薄,,,,,薄
薄,,,,,薄
薄,,,,,薄
薄,,,,,薄
薄,,,,,薄
薄,,,,,薄
薄,,,,,薄
薄,,,,,薄
薄,,,,,薄
薄,,,,,薄
薄,,,,,薄
薄,,,,,薄
薄,,,,,薄
薄,,,,,薄
薄,,,,,薄
薄,,,,,薄
薄,,,,,薄
薄,,,,,薄
薄,,,,,薄
薄,,,,,薄
薄,,,,,薄
薄,,,,,薄
厚,,,,,厚
薄,,,,,薄
厚,,,,,厚
薄,,,,,薄
薄,,,,,薄
厚,,,,,厚
厚,,,,,厚
薄,,,,,薄
薄,,,,,薄
薄,,,,,薄
薄,,,,,薄
厚,,,,,厚
薄,,,,,薄
薄,,,,,薄
薄,,,,,薄
薄,,,,,薄
薄,,,,,薄
薄,,,,,薄
薄,,,,,薄
厚,',腻',,,,'厚,腻'
厚,,,,,厚
薄,,,,,薄
薄,,,,,薄
薄,,,,,薄
薄,,,,,薄
厚,,,,,厚
厚,,,,,厚
薄,,,,,薄
薄,,,,,薄
薄,,,,,薄
薄,,,,,薄
薄,,,,,薄
薄,,,,,薄
薄,,,,,薄
薄,,,,,薄
薄,,,,,薄
薄,,,,,薄
薄,,,,,薄
薄,,,,,薄
厚,,,,,厚
薄,,,,,薄
薄,,,,,薄
薄,,,,,薄
薄,,,,,薄
薄,,,,,薄
薄,,,,,薄
薄,,,,,薄
薄,,,,,薄
薄,,,,,薄
薄,,,,,薄
厚,,,,,厚
薄,,,,,薄
薄,,,,,薄
薄,,,,,薄
薄,,,,,薄
薄,,,,,薄
薄,,,,,薄
薄,,,,,薄
厚,,,,,厚
薄,,,,,薄
薄,,,,,薄
厚,,,,,厚
厚,,,,,厚
薄,,,,,薄
薄,,,,,薄
薄,,,,,薄
薄,,,,,薄
薄,,,,,薄
厚,,,,,厚
薄,,,,,薄
薄,,,,,薄
厚,,,,,厚
薄,,,,,薄
薄,,,,,薄
薄,,,,,薄
薄,,,,,薄
薄,,,,,薄
薄,,,,,薄
薄,',剥脱',,,,'薄,剥脱'
薄,,,,,薄
薄,,,,,薄
薄,,,,,薄
薄,,,,,薄
薄,,,,,薄
薄,,,,,薄
厚,,,,,厚
薄,,,,,薄
厚,,,,,厚
厚,,,,,厚
厚,,,,,厚
薄,,,,,薄
厚,,,,,厚
薄,,,,,薄
薄,,,,,薄
薄,,,,,薄
薄,,,,,薄
厚,,,,,厚
薄,,,,,薄
薄,,,,,薄
厚,,,,,厚
薄,,,,,薄
薄,,,,,薄
薄,,,,,薄
薄,,,,,薄
薄,,,,,薄
薄,,,,,薄
薄,,,,,薄
薄,,,,,薄
薄,,,,,薄
薄,,,,,薄
薄,,,,,薄
薄,,,,,薄
厚,,,,,厚
薄,,,,,薄
薄,',剥脱',,,,'薄,剥脱'
薄,,,,,薄
薄,',剥脱',,,,'薄,剥脱'
厚,,,,,厚
薄,,,,,薄
厚,,,,,厚
薄,,,,,薄
薄,,,,,薄
薄,,,,,薄
薄,,,,,薄
薄,,,,,薄
薄,',腻',,,,'薄,腻'
薄,,,,,薄
薄,,,,,薄
厚,,,,,厚
薄,,,,,薄
薄,,,,,薄
薄,,,,,薄
薄,,,,,薄
薄,,,,,薄
薄,,,,,薄
薄,,,,,薄
薄,,,,,薄
薄,,,,,薄
薄,,,,,薄
薄,,,,,薄
厚,',腻',,,,'厚,腻'
薄,,,,,薄
厚,,,,,厚
薄,,,,,薄
薄,,,,,薄
薄,,,,,薄
薄,,,,,薄
薄,,,,,薄
薄,,,,,薄
薄,,,,,薄
厚,',腻',,,,'厚,腻'
薄,,,,,薄
薄,,,,,薄
薄,,,,,薄
薄,,,,,薄
薄,,,,,薄
薄,,,,,薄
薄,,,,,薄
薄,,,,,薄
薄,,,,,薄
厚,,,,,厚
薄,,,,,薄
薄,,,,,薄
薄,,,,,薄
薄,,,,,薄
薄,,,,,薄
薄,,,,,薄
薄,,,,,薄
薄,,,,,薄
薄,,,,,薄
薄,,,,,薄
厚,,,,,厚
薄,,,,,薄
薄,,,,,薄
薄,,,,,薄
薄,,,,,薄
薄,',剥脱',,,,'薄,剥脱'
薄,,,,,薄
薄,,,,,薄
薄,,,,,薄
薄,,,,,薄
剥脱,',薄',,,,'剥脱,薄'
薄,,,,,薄
薄,,,,,薄
薄,,,,,薄
薄,,,,,薄
薄,,,,,薄
厚,,,,,厚
薄,,,,,薄
薄,,,,,薄
薄,,,,,薄
薄,,,,,薄
薄,,,,,薄
薄,,,,,薄
薄,,,,,薄
厚,,,,,厚
薄,,,,,薄
薄,,,,,薄
薄,,,,,薄
厚,',腻',,,,'厚,腻'
薄,,,,,薄
薄,,,,,薄
厚,,,,,厚
厚,,,,,厚
薄,,,,,薄
薄,,,,,薄
薄,,,,,薄
薄,,,,,薄
薄,,,,,薄
薄,,,,,薄
薄,,,,,薄
薄,,,,,薄
薄,,,,,薄
薄,,,,,薄
薄,,,,,薄
薄,,,,,薄
薄,,,,,薄
薄,,,,,薄
薄,,,,,薄
薄,',剥脱',,,,'薄,剥脱'
薄,,,,,薄
厚,,,,,厚
薄,,,,,薄
少苔,,,,,少苔
薄,,,,,薄
薄,,,,,薄
薄,,,,,薄
薄,,,,,薄
薄,,,,,薄
薄,,,,,薄
薄,',腻',,,,'薄,腻'
薄,,,,,薄
薄,,,,,薄
薄,,,,,薄
厚,,,,,厚
薄,,,,,薄
厚,,,,,厚
薄,,,,,薄
厚,,,,,厚
薄,,,,,薄
薄,,,,,薄
薄,,,,,薄
薄,,,,,薄
,,,,,
薄,,,,,薄
薄,,,,,薄
薄,,,,,薄
厚,,,,,厚
薄,,,,,薄
薄,,,,,薄
厚,,,,,厚
薄,,,,,薄
薄,,,,,薄
厚,,,,,厚
薄,,,,,薄
厚,,,,,厚
薄,,,,,薄
厚,',腻',,,,'厚,腻'
薄,,,,,薄
薄,,,,,薄
薄,,,,,薄
薄,,,,,薄
薄,,,,,薄
薄,,,,,薄
薄,,,,,薄
薄,,,,,薄
薄,,,,,薄
薄,,,,,薄
薄,,,,,薄
薄,,,,,薄
薄,,,,,薄
薄,,,,,薄
薄,,,,,薄
厚,',腻',,,,'厚,腻'
厚,,,,,厚
薄,,,,,薄
薄,,,,,薄
薄,,,,,薄
薄,,,,,薄
薄,,,,,薄
薄,,,,,薄
薄,,,,,薄
薄,,,,,薄
薄,,,,,薄
薄,,,,,薄
厚,,,,,厚
薄,,,,,薄
薄,,,,,薄
厚,,,,,厚
厚,,,,,厚
薄,,,,,薄
厚,,,,,厚
薄,,,,,薄
薄,',腻',,,,'薄,腻'
薄,,,,,薄
薄,,,,,薄
薄,,,,,薄
厚,,,,,厚
薄,,,,,薄
薄,,,,,薄
薄,',剥脱',,,,'薄,剥脱'
薄,,,,,薄
厚,,,,,厚
薄,,,,,薄
薄,,,,,薄
薄,,,,,薄
厚,,,,,厚
薄,,,,,薄
薄,,,,,薄
薄,,,,,薄
薄,,,,,薄
薄,,,,,薄
薄,,,,,薄
薄,,,,,薄
厚,,,,,厚
厚,',腻',,,,'厚,腻'
,,,,,
薄,,,,,薄
厚,',腻',,,,'厚,腻'
薄,,,,,薄
薄,,,,,薄
薄,,,,,薄
薄,,,,,薄
薄,',腻',,,,'薄,腻'
薄,,,,,薄
薄,,,,,薄
厚,,,,,厚
薄,,,,,薄
薄,,,,,薄
厚,',腻',,,,'厚,腻'
厚,,,,,厚
薄,,,,,薄
薄,,,,,薄
厚,',腻',,,,'厚,腻'
厚,,,,,厚
薄,,,,,薄
薄,,,,,薄
薄,,,,,薄
薄,,,,,薄
薄,,,,,薄
薄,,,,,薄
厚,',腻',,,,'厚,腻'
薄,',剥脱',,,,'薄,剥脱'
薄,',腻',,,,'薄,腻'
薄,,,,,薄
薄,,,,,薄
薄,,,,,薄
薄,,,,,薄
薄,',腻',,,,'薄,腻'
薄,,,,,薄
厚,',腻',,,,'厚,腻'
薄,,,,,薄
薄,,,,,薄
薄,,,,,薄
薄,,,,,薄
厚,,,,,厚
薄,,,,,薄
薄,,,,,薄
薄,,,,,薄
薄,,,,,薄
薄,,,,,薄
薄,,,,,薄
薄,,,,,薄
薄,,,,,薄
薄,,,,,薄
薄,,,,,薄
厚,',腻',,,,'厚,腻'
薄,,,,,薄
薄,,,,,薄
薄,,,,,薄
薄,,,,,薄
厚,',腻',,,,'厚,腻'
薄,,,,,薄
厚,,,,,厚
薄,,,,,薄
厚,,,,,厚
薄,,,,,薄
薄,,,,,薄
薄,,,,,薄
薄,',剥脱',,,,'薄,剥脱'
薄,',腻',,,,'薄,腻'
薄,,,,,薄
薄,,,,,薄
薄,,,,,薄
薄,,,,,薄
薄,,,,,薄
薄,,,,,薄
薄,,,,,薄
薄,,,,,薄
厚,',腻',,,,'厚,腻'
薄,,,,,薄
薄,,,,,薄
薄,,,,,薄
薄,,,,,薄
薄,,,,,薄
薄,,,,,薄
厚,,,,,厚
薄,,,,,薄
薄,,,,,薄
薄,,,,,薄
薄,,,,,薄
薄,,,,,薄
厚,,,,,厚
薄,,,,,薄
薄,,,,,薄
薄,,,,,薄
薄,,,,,薄
厚,,,,,厚
厚,,,,,厚
薄,,,,,薄
薄,,,,,薄
厚,',腻',,,,'厚,腻'
厚,,,,,厚
薄,,,,,薄
厚,,,,,厚
腻,',厚',,,,'腻,厚'
厚,',腻',,,,'厚,腻'
厚,,,,,厚
薄,,,,,薄
薄,,,,,薄
厚,',腻',,,,'厚,腻'
薄,,,,,薄
厚,',腻',,,,'厚,腻'
薄,,,,,薄
薄,,,,,薄
薄,,,,,薄
薄,,,,,薄
薄,,,,,薄
厚,,,,,厚
薄,,,,,薄
厚,,,,,厚
薄,,,,,薄
薄,,,,,薄
薄,,,,,薄
厚,',腻',,,,'厚,腻'
薄,,,,,薄
薄,,,,,薄
厚,,,,,厚
薄,,,,,薄
薄,,,,,薄
厚,,,,,厚
薄,,,,,薄
薄,,,,,薄
厚,,,,,厚
薄,,,,,薄
薄,',腻',,,,'薄,腻'
厚,,,,,厚
薄,,,,,薄
薄,,,,,薄
厚,',腻',,,,'厚,腻'
厚,,,,,厚
薄,,,,,薄
厚,',腻',,,,'厚,腻'
薄,,,,,薄
薄,,,,,薄
薄,,,,,薄
薄,,,,,薄
薄,,,,,薄
薄,,,,,薄
薄,,,,,薄
薄,,,,,薄
薄,,,,,薄
薄,,,,,薄
薄,,,,,薄
薄,,,,,薄
薄,,,,,薄
薄,,,,,薄
薄,,,,,薄
薄,,,,,薄
薄,,,,,薄
薄,,,,,薄
薄,',腻',,,,'薄,腻'
薄,,,,,薄
薄,,,,,薄
薄,,,,,薄
厚,',腻',,,,'厚,腻'
薄,,,,,薄
薄,,,,,薄
薄,',剥脱',,,,'薄,剥脱'
薄,,,,,薄
薄,,,,,薄
薄,,,,,薄
薄,,,,,薄
薄,,,,,薄
厚,',腻',,,,'厚,腻'
薄,,,,,薄
厚,',腻',,,,'厚,腻'
薄,,,,,薄
薄,,,,,薄
薄,,,,,薄
薄,,,,,薄
厚,,,,,厚
薄,,,,,薄
薄,,,,,薄
薄,,,,,薄
薄,,,,,薄
薄,,,,,薄
薄,,,,,薄
薄,,,,,薄
薄,,,,,薄
薄,,,,,薄
薄,,,,,薄
薄,,,,,薄
薄,',剥脱',,,,'薄,剥脱'
薄,,,,,薄
薄,,,,,薄
厚,,,,,厚
薄,,,,,薄
厚,,,,,厚
厚,,,,,厚
薄,,,,,薄
薄,,,,,薄
薄,,,,,薄
薄,,,,,薄
厚,',腻',,,,'厚,腻'
厚,',腻',,,,'厚,腻'
薄,,,,,薄
薄,,,,,薄
薄,,,,,薄
薄,,,,,薄
厚,',腻',,,,'厚,腻'
薄,,,,,薄
薄,,,,,薄
厚,',腻',,,,'厚,腻'
厚,',腻',,,,'厚,腻'
薄,,,,,薄
薄,,,,,薄
薄,,,,,薄
厚,,,,,厚
薄,,,,,薄
薄,,,,,薄
厚,,,,,厚
薄,,,,,薄
薄,,,,,薄
厚,,,,,厚
薄,,,,,薄
薄,,,,,薄
薄,,,,,薄
薄,,,,,薄
薄,,,,,薄
薄,,,,,薄
薄,,,,,薄
厚,',腻',,,,'厚,腻'
薄,,,,,薄
薄,,,,,薄
薄,,,,,薄
厚,',腻',,,,'厚,腻'
薄,,,,,薄
薄,,,,,薄
厚,,,,,厚
薄,,,,,薄
厚,,,,,厚
薄,,,,,薄
厚,',腻',,,,'厚,腻'
厚,',腻',,,,'厚,腻'
厚,',腻',,,,'厚,腻'
薄,,,,,薄
薄,,,,,薄
厚,,,,,厚
薄,,,,,薄
薄,',剥脱',,,,'薄,剥脱'
厚,',腻',,,,'厚,腻'
厚,,,,,厚
薄,,,,,薄
厚,,,,,厚
薄,,,,,薄
厚,',腻',,,,'厚,腻'
薄,,,,,薄
薄,,,,,薄
薄,,,,,薄
薄,',腻',,,,'薄,腻'
薄,,,,,薄
薄,,,,,薄
薄,',腻',,,,'薄,腻'
薄,,,,,薄
薄,,,,,薄
薄,,,,,薄
薄,,,,,薄
薄,,,,,薄
薄,,,,,薄
薄,,,,,薄
薄,,,,,薄
薄,,,,,薄
薄,,,,,薄
薄,,,,,薄
薄,,,,,薄
薄,,,,,薄
薄,,,,,薄
薄,,,,,薄
薄,,,,,薄
薄,,,,,薄
薄,,,,,薄
薄,,,,,薄
薄,,,,,薄
薄,,,,,薄
薄,,,,,薄
薄,,,,,薄
薄,,,,,薄
厚,,,,,厚
薄,,,,,薄
薄,,,,,薄
薄,',腻',,,,'薄,腻'
薄,,,,,薄
薄,,,,,薄
薄,,,,,薄
厚,',腻',,,,'厚,腻'
薄,,,,,薄
薄,,,,,薄
厚,,,,,厚
薄,,,,,薄
薄,,,,,薄
薄,,,,,薄
薄,,,,,薄
薄,,,,,薄
薄,,,,,薄
薄,,,,,薄
薄,,,,,薄
薄,,,,,薄
厚,,,,,厚
薄,,,,,薄
厚,,,,,厚
薄,,,,,薄
薄,,,,,薄
薄,,,,,薄
薄,,,,,薄
薄,,,,,薄
薄,,,,,薄
薄,,,,,薄
厚,,,,,厚
薄,,,,,薄
薄,,,,,薄
薄,,,,,薄
薄,,,,,薄
薄,,,,,薄
厚,',腻',,,,'厚,腻'
厚,',腻',,,,'厚,腻'
厚,',腻',,,,'厚,腻'
厚,',腻',,,,'厚,腻'
厚,,,,,厚
薄,,,,,薄
薄,',腻',,,,'薄,腻'
薄,,,,,薄
厚,',腻',,,,'厚,腻'
厚,,,,,厚
薄,,,,,薄
厚,,,,,厚
厚,',腻',,,,'厚,腻'
薄,,,,,薄
薄,,,,,薄
薄,',剥脱',,,,'薄,剥脱'
薄,',腻',,,,'薄,腻'
薄,,,,,薄
薄,',腻',,,,'薄,腻'
薄,',腻',,,,'薄,腻'
厚,',腻',,,,'厚,腻'
厚,',腻',,,,'厚,腻'
厚,',腻',,,,'厚,腻'
厚,',腻',,,,'厚,腻'
厚,',腻',,,,'厚,腻'
厚,',腻',,,,'厚,腻'
厚,',腻',,,,'厚,腻'
薄,,,,,薄
薄,,,,,薄
薄,,,,,薄
薄,,,,,薄
薄,,,,,薄
薄,,,,,薄
薄,,,,,薄
薄,,,,,薄
薄,,,,,薄
厚,',腻',,,,'厚,腻'
薄,,,,,薄
薄,,,,,薄
薄,,,,,薄
厚,',腻',,,,'厚,腻'
厚,',腻',,,,'厚,腻'
薄,,,,,薄
薄,,,,,薄
薄,,,,,薄
厚,',腻',,,,'厚,腻'
薄,,,,,薄
厚,',腻',,,,'厚,腻'
薄,,,,,薄
薄,,,,,薄
厚,',腻',,,,'厚,腻'
薄,,,,,薄
厚,',腻',,,,'厚,腻'
厚,',腻',,,,'厚,腻'
厚,',腻',,,,'厚,腻'
薄,,,,,薄
薄,,,,,薄
薄,,,,,薄
薄,,,,,薄
薄,,,,,薄
薄,,,,,薄
薄,,,,,薄
薄,,,,,薄
腻,',厚',,,,'腻,厚'
薄,,,,,薄
薄,,,,,薄
厚,',腻',,,,'厚,腻'
腻,',薄',,,,'腻,薄'
腻,',薄',,,,'腻,薄'
腻,',薄',,,,'腻,薄'
薄,,,,,薄
薄,,,,,薄
薄,,,,,薄
厚,,,,,厚
厚,,,,,厚
厚,,,,,厚
厚,,,,,厚
薄,',腻',,,,'薄,腻'
薄,,,,,薄
薄,',腻',,,,'薄,腻'
薄,,,,,薄
薄,,,,,薄
薄,',剥脱',,,,'薄,剥脱'
薄,,,,,薄
薄,,,,,薄
薄,,,,,薄
薄,,,,,薄
薄,,,,,薄
薄,,,,,薄
薄,,,,,薄
薄,,,,,薄
薄,,,,,薄
薄,,,,,薄
薄,,,,,薄
薄,,,,,薄
薄,,,,,薄
薄,,,,,薄
薄,,,,,薄
薄,,,,,薄
薄,,,,,薄
薄,,,,,薄
薄,,,,,薄
薄,,,,,薄
薄,',剥脱',,,,'薄,剥脱'
薄,',剥脱',,,,'薄,剥脱'
薄,,,,,薄
薄,,,,,薄
薄,,,,,薄
薄,,,,,薄
薄,,,,,薄
薄,,,,,薄
薄,,,,,薄
薄,,,,,薄
薄,,,,,薄
薄,,,,,薄
薄,,,,,薄
薄,,,,,薄
薄,,,,,薄
薄,',剥脱',,,,'薄,剥脱'
薄,,,,,薄
薄,',剥脱',,,,'薄,剥脱'
薄,',剥脱',,,,'薄,剥脱'
薄,',剥脱',,,,'薄,剥脱'
薄,',剥脱',,,,'薄,剥脱'
薄,',剥脱',,,,'薄,剥脱'
薄,',剥脱',,,,'薄,剥脱'
薄,,,,,薄
薄,,,,,薄
厚,',腻',,,,'厚,腻'
薄,',剥脱',,,,'薄,剥脱'
薄,',腻',,,,'薄,腻'
薄,,,,,薄
薄,',腻',,,,'薄,腻'
薄,,,,,薄
薄,',腻',,,,'薄,腻'
薄,,,,,薄
薄,,,,,薄
薄,,,,,薄
薄,,,,,薄
薄,,,,,薄
薄,,,,,薄
薄,,,,,薄
薄,,,,,薄
薄,,,,,薄
薄,,,,,薄
薄,',剥脱',,,,'薄,剥脱'
薄,,,,,薄
薄,,,,,薄
薄,,,,,薄
薄,',腻',,,,'薄,腻'
薄,',腻',,,,'薄,腻'
薄,,,,,薄
薄,,,,,薄
薄,,,,,薄
厚,',腻',,,,'厚,腻'
薄,,,,,薄
薄,,,,,薄
厚,',腻',,,,'厚,腻'
薄,,,,,薄
薄,,,,,薄
薄,,,,,薄
薄,,,,,薄
厚,',腻',,,,'厚,腻'
厚,,,,,厚
薄,,,,,薄
薄,,,,,薄
薄,,,,,薄
薄,,,,,薄
薄,,,,,薄
薄,,,,,薄
薄,,,,,薄
薄,,,,,薄
薄,,,,,薄
薄,,,,,薄
薄,,,,,薄
薄,,,,,薄
薄,,,,,薄
薄,',腻',,,,'薄,腻'
薄,,,,,薄
薄,,,,,薄
薄,,,,,薄
薄,,,,,薄
薄,,,,,薄
薄,,,,,薄
薄,,,,,薄
薄,,,,,薄
薄,,,,,薄
薄,,,,,薄
薄,,,,,薄
薄,,,,,薄
腻,',厚',,,,'腻,厚'
厚,',腻',,,,'厚,腻'
薄,,,,,薄
厚,',腻',,,,'厚,腻'
厚,',腻',,,,'厚,腻'
厚,',腻',,,,'厚,腻'
厚,',腻',,,,'厚,腻'
薄,,,,,薄
薄,,,,,薄
厚,',腻',,,,'厚,腻'
薄,,,,,薄
薄,,,,,薄
薄,,,,,薄
薄,,,,,薄
薄,,,,,薄
薄,,,,,薄
薄,,,,,薄
薄,',腻',,,,'薄,腻'
薄,',腻',,,,'薄,腻'
薄,,,,,薄
薄,',腻',,,,'薄,腻'
薄,,,,,薄
薄,',腻',,,,'薄,腻'
薄,,,,,薄
薄,,,,,薄
薄,',腻',,,,'薄,腻'
薄,',腻',,,,'薄,腻'
薄,',腻',,,,'薄,腻'
薄,',腻',,,,'薄,腻'
薄,',腻',,,,'薄,腻'
厚,,,,,厚
薄,,,,,薄
薄,,,,,薄
薄,,,,,薄
薄,',腻',,,,'薄,腻'
薄,,,,,薄
薄,,,,,薄
薄,',腻',,,,'薄,腻'
薄,',腻',,,,'薄,腻'
薄,',腻',,,,'薄,腻'
薄,',腻',,,,'薄,腻'
薄,',腻',,,,'薄,腻'
薄,',腻',,,,'薄,腻'
厚,',腻',,,,'厚,腻'
厚,,,,,厚
薄,,,,,薄
薄,,,,,薄
薄,,,,,薄
薄,,,,,薄
薄,,,,,薄
薄,,,,,薄
薄,,,,,薄
厚,,,,,厚
薄,,,,,薄
薄,,,,,薄
厚,,,,,厚
薄,',剥脱',,,,'薄,剥脱'
薄,,,,,薄
薄,,,,,薄
薄,',腻',,,,'薄,腻'
薄,',腻',,,,'薄,腻'
薄,,,,,薄
薄,',腻',,,,'薄,腻'
薄,,,,,薄
薄,,,,,薄
薄,',腻',,,,'薄,腻'
薄,,,,,薄
薄,,,,,薄
厚,,,,,厚
薄,',剥脱',,,,'薄,剥脱'
厚,,,,,厚
薄,,,,,薄
薄,,,,,薄
薄,',剥脱',,,,'薄,剥脱'
薄,,,,,薄
薄,,,,,薄
薄,,,,,薄
薄,,,,,薄
薄,,,,,薄
薄,,,,,薄
薄,,,,,薄
薄,,,,,薄
薄,,,,,薄
薄,',腻',,,,'薄,腻'
薄,,,,,薄
薄,',腻',,,,'薄,腻'
薄,,,,,薄
薄,',剥脱',,,,'薄,剥脱'
厚,,,,,厚
厚,,,,,厚
薄,',腻',,,,'薄,腻'
薄,',剥脱',,,,'薄,剥脱'
薄,,,,,薄
厚,,,,,厚
薄,',腻',,,,'薄,腻'
薄,,,,,薄
薄,',腻',,,,'薄,腻'
薄,',腻',,,,'薄,腻'
薄,',腻',,,,'薄,腻'
薄,',剥脱',,,,'薄,剥脱'
薄,',腻',,,,'薄,腻'
薄,,,,,薄
薄,,,,,薄
薄,,,,,薄
薄,,,,,薄
薄,,,,,薄
薄,,,,,薄
薄,',剥脱',,,,'薄,剥脱'
薄,,,,,薄
薄,',剥脱',,,,'薄,剥脱'
薄,,,,,薄
薄,,,,,薄
薄,,,,,薄
厚,',腻',,,,'厚,腻'
薄,',剥脱',,,,'薄,剥脱'
剥脱,',薄',,,,'剥脱,薄'
薄,,,,,薄
薄,,,,,薄
薄,,,,,薄
薄,,,,,薄
薄,,,,,薄
薄,,,,,薄
薄,',剥脱',,,,'薄,剥脱'
薄,,,,,薄
薄,',剥脱',,,,'薄,剥脱'
薄,',腻',,,,'薄,腻'
薄,,,,,薄
厚,,,,,厚
厚,,,,,厚
薄,,,,,薄
薄,,,,,薄
厚,',腻',,,,'厚,腻'
薄,,,,,薄
薄,,,,,薄
薄,,,,,薄
厚,',腻',,,,'厚,腻'
薄,,,,,薄
薄,,,,,薄
厚,',腻',,,,'厚,腻'
薄,,,,,薄
厚,',腻',,,,'厚,腻'
薄,',剥脱',,,,'薄,剥脱'
薄,,,,,薄
厚,,,,,厚
薄,,,,,薄
薄,',剥脱',,,,'薄,剥脱'
薄,,,,,薄
薄,,,,,薄
薄,,,,,薄
厚,',腻',,,,'厚,腻'
厚,',腻',,,,'厚,腻'
薄,,,,,薄
薄,,,,,薄
薄,',剥脱',,,,'薄,剥脱'
薄,,,,,薄
薄,,,,,薄
薄,,,,,薄
薄,,,,,薄
薄,,,,,薄
薄,,,,,薄
厚,',腻',,,,'厚,腻'
厚,',腻',,,,'厚,腻'
薄,,,,,薄
厚,,,,,厚
薄,,,,,薄
薄,,,,,薄
薄,,,,,薄
薄,,,,,薄
薄,,,,,薄
薄,',剥脱',,,,'薄,剥脱'
薄,,,,,薄
薄,',腻',,,,'薄,腻'
厚,,,,,厚
薄,,,,,薄
薄,,,,,薄
薄,',腻',,,,'薄,腻'
薄,,,,,薄
薄,,,,,薄
薄,,,,,薄
薄,,,,,薄
薄,,,,,薄
薄,,,,,薄
薄,,,,,薄
薄,,,,,薄
薄,,,,,薄
薄,,,,,薄
薄,,,,,薄
厚,',腻',,,,'厚,腻'
薄,,,,,薄
薄,,,,,薄
薄,,,,,薄
薄,,,,,薄
薄,,,,,薄
厚,',腻',,,,'厚,腻'
薄,',腻',,,,'薄,腻'
薄,',腻',,,,'薄,腻'
薄,,,,,薄
薄,',腻',,,,'薄,腻'
薄,',剥脱',,,,'薄,剥脱'
薄,,,,,薄
薄,,,,,薄
薄,,,,,薄
剥脱,',薄',,,,'剥脱,薄'
薄,,,,,薄
薄,,,,,薄
薄,,,,,薄
薄,,,,,薄
薄,,,,,薄
薄,,,,,薄
薄,,,,,薄
薄,,,,,薄
厚,',腻',,,,'厚,腻'
薄,,,,,薄
薄,',腻',,,,'薄,腻'
薄,,,,,薄
薄,,,,,薄
厚,,,,,厚
薄,,,,,薄
薄,,,,,薄
厚,,,,,厚
薄,,,,,薄
薄,,,,,薄
剥脱,',薄',,,,'剥脱,薄'
薄,,,,,薄
薄,,,,,薄
薄,,,,,薄
厚,',腻',,,,'厚,腻'
薄,,,,,薄
薄,,,,,薄
薄,,,,,薄
厚,',腻',,,,'厚,腻'
厚,',腻',,,,'厚,腻'
薄,,,,,薄
薄,,,,,薄
薄,',剥脱',,,,'薄,剥脱'
薄,,,,,薄
薄,,,,,薄
薄,,,,,薄
薄,,,,,薄
薄,,,,,薄
薄,,,,,薄
薄,,,,,薄
厚,',腻',,,,'厚,腻'
厚,',腻',,,,'厚,腻'
薄,,,,,薄
厚,',腻',,,,'厚,腻'
薄,,,,,薄
薄,,,,,薄
薄,,,,,薄
薄,,,,,薄
厚,,,,,厚
薄,,,,,薄
薄,,,,,薄
薄,,,,,薄
薄,,,,,薄
厚,',腻',,,,'厚,腻'
薄,',剥脱',,,,'薄,剥脱'
薄,,,,,薄
薄,,,,,薄
剥脱,',薄',,,,'剥脱,薄'
薄,,,,,薄
薄,,,,,薄
厚,,,,,厚
薄,,,,,薄
厚,',腻',,,,'厚,腻'
薄,,,,,薄
薄,',腻',,,,'薄,腻'
薄,',腻',,,,'薄,腻'
薄,,,,,薄
薄,,,,,薄
厚,',腻',,,,'厚,腻'
厚,',腻',,,,'厚,腻'
薄,,,,,薄
厚,',腻',,,,'厚,腻'
薄,,,,,薄
薄,',腻',,,,'薄,腻'
薄,,,,,薄
滑,,,,,滑
厚,',腻',,,,'厚,腻'
,,,,,
薄,,,,,薄
薄,,,,,薄
薄,,,,,薄
厚,,,,,厚
薄,,,,,薄
薄,,,,,薄
薄,,,,,薄
薄,,,,,薄
薄,,,,,薄
薄,',剥脱',,,,'薄,剥脱'
薄,,,,,薄
薄,,,,,薄
薄,',腻',,,,'薄,腻'
薄,,,,,薄
薄,,,,,薄
薄,,,,,薄
薄,,,,,薄
薄,,,,,薄
薄,,,,,薄
薄,,,,,薄
薄,,,,,薄
薄,,,,,薄
薄,,,,,薄
薄,,,,,薄
薄,,,,,薄
薄,,,,,薄
薄,,,,,薄
薄,,,,,薄
薄,',腻',,,,'薄,腻'
薄,,,,,薄
薄,',腻',,,,'薄,腻'
薄,,,,,薄
薄,,,,,薄
薄,,,,,薄
薄,,,,,薄
薄,,,,,薄
薄,,,,,薄
薄,,,,,薄
薄,,,,,薄
薄,',腻',,,,'薄,腻'
薄,',腻',,,,'薄,腻'
薄,,,,,薄
薄,',腻',,,,'薄,腻'
薄,,,,,薄
厚,',腻',,,,'厚,腻'
薄,,,,,薄
厚,',腻',,,,'厚,腻'
厚,',腻',,,,'厚,腻'
厚,,,,,厚
薄,,,,,薄
薄,',剥脱',,,,'薄,剥脱'
薄,,,,,薄
薄,,,,,薄
薄,,,,,薄
薄,,,,,薄
薄,,,,,薄
薄,,,,,薄
薄,,,,,薄
薄,,,,,薄
薄,,,,,薄
薄,,,,,薄
薄,,,,,薄
薄,,,,,薄
薄,,,,,薄
薄,,,,,薄
薄,,,,,薄
厚,',腻',,,,'厚,腻'
薄,,,,,薄
厚,',腻',,,,'厚,腻'
薄,,,,,薄
薄,,,,,薄
薄,',腻',,,,'薄,腻'
薄,,,,,薄
薄,,,,,薄
薄,,,,,薄
薄,',腻',,,,'薄,腻'
薄,,,,,薄
薄,,,,,薄
薄,,,,,薄
薄,,,,,薄
薄,,,,,薄
薄,,,,,薄
薄,,,,,薄
薄,,,,,薄
薄,,,,,薄
薄,,,,,薄
薄,',腻',,,,'薄,腻'
薄,,,,,薄
薄,,,,,薄
剥脱,',薄',,,,'剥脱,薄'
薄,,,,,薄
薄,',腻',,,,'薄,腻'
薄,,,,,薄
薄,,,,,薄
薄,,,,,薄
薄,,,,,薄
薄,,,,,薄
薄,,,,,薄
薄,,,,,薄
薄,,,,,薄
薄,,,,,薄
薄,,,,,薄
薄,,,,,薄
薄,,,,,薄
剥脱,',薄',,,,'剥脱,薄'
薄,,,,,薄
薄,',剥脱',,,,'薄,剥脱'
薄,,,,,薄
薄,',剥脱',,,,'薄,剥脱'
薄,',剥脱',,,,'薄,剥脱'
薄,',剥脱',,,,'薄,剥脱'
薄,',剥脱',,,,'薄,剥脱'
薄,',剥脱',,,,'薄,剥脱'
薄,',剥脱',,,,'薄,剥脱'
薄,,,,,薄
薄,,,,,薄
薄,,,,,薄
薄,,,,,薄
薄,,,,,薄
薄,,,,,薄
薄,,,,,薄
薄,,,,,薄
薄,,,,,薄
薄,,,,,薄
薄,,,,,薄
薄,,,,,薄
薄,,,,,薄
薄,,,,,薄
薄,,,,,薄
薄,',剥脱',,,,'薄,剥脱'
薄,',剥脱',,,,'薄,剥脱'
薄,',剥脱',,,,'薄,剥脱'
薄,,,,,薄
薄,,,,,薄
薄,,,,,薄
厚,,,,,厚
薄,,,,,薄
薄,,,,,薄
薄,',剥脱',,,,'薄,剥脱'
厚,',腻',,,,'厚,腻'
薄,,,,,薄
薄,',剥脱',,,,'薄,剥脱'
薄,,,,,薄
薄,,,,,薄
薄,',腻',,,,'薄,腻'
厚,',腻',,,,'厚,腻'
厚,',腻',,,,'厚,腻'
厚,',腻',,,,'厚,腻'
薄,',剥脱',,,,'薄,剥脱'
薄,',剥脱',,,,'薄,剥脱'
薄,',腻',,,,'薄,腻'
薄,',腻',,,,'薄,腻'
薄,',腻',,,,'薄,腻'
薄,',腻',,,,'薄,腻'
薄,,,,,薄
薄,',腻',,,,'薄,腻'
薄,',腻',,,,'薄,腻'
薄,',腻',,,,'薄,腻'
厚,',腻',,,,'厚,腻'
厚,',腻',,,,'厚,腻'
薄,,,,,薄
薄,,,,,薄
薄,,,,,薄
薄,,,,,薄
薄,',腻',,,,'薄,腻'
薄,,,,,薄
薄,,,,,薄
薄,,,,,薄
厚,',腻',,,,'厚,腻'
薄,,,,,薄
厚,',腻',,,,'厚,腻'
薄,,,,,薄
薄,',腻',,,,'薄,腻'
厚,',腻',,,,'厚,腻'
薄,',腻',,,,'薄,腻'
薄,,,,,薄
薄,',剥脱',,,,'薄,剥脱'
厚,',腻',,,,'厚,腻'
薄,,,,,薄
薄,',剥脱',,,,'薄,剥脱'
薄,,,,,薄
薄,,,,,薄
薄,,,,,薄
厚,,,,,厚
薄,,,,,薄
薄,,,,,薄
厚,',腻',,,,'厚,腻'
薄,,,,,薄
薄,',腻',,,,'薄,腻'
薄,,,,,薄
厚,,,,,厚
厚,,,,,厚
薄,,,,,薄
薄,,,,,薄
薄,,,,,薄
薄,,,,,薄
薄,,,,,薄
薄,,,,,薄
薄,,,,,薄
薄,,,,,薄
薄,,,,,薄
薄,,,,,薄
薄,,,,,薄
薄,,,,,薄
薄,,,,,薄
薄,,,,,薄
薄,,,,,薄
薄,,,,,薄
薄,,,,,薄
薄,,,,,薄
薄,,,,,薄
薄,,,,,薄
薄,,,,,薄
薄,,,,,薄
薄,,,,,薄
薄,,,,,薄
厚,',腻',,,,'厚,腻'
厚,',腻',,,,'厚,腻'
厚,,,,,厚
薄,,,,,薄
厚,',腻',,,,'厚,腻'
厚,,,,,厚
厚,,,,,厚
厚,,,,,厚
薄,,,,,薄
厚,',腻',,,,'厚,腻'
厚,',腻',,,,'厚,腻'
薄,,,,,薄
薄,,,,,薄
薄,',腻',,,,'薄,腻'
薄,,,,,薄
薄,',腻',,,,'薄,腻'
薄,',腻',,,,'薄,腻'
薄,',腻',,,,'薄,腻'
薄,',腻',,,,'薄,腻'
薄,',腻',,,,'薄,腻'
薄,',腻',,,,'薄,腻'
薄,,,,,薄
厚,',腻',,,,'厚,腻'
厚,',腻',,,,'厚,腻'
厚,',腻',,,,'厚,腻'
厚,',腻',,,,'厚,腻'
厚,',腻',,,,'厚,腻'
厚,',腻',,,,'厚,腻'
厚,',腻',,,,'厚,腻'
薄,',腻',,,,'薄,腻'
薄,,,,,薄
厚,',腻',,,,'厚,腻'
厚,',腻',,,,'厚,腻'
薄,',腻',,,,'薄,腻'
厚,',腻',,,,'厚,腻'
厚,',腻',,,,'厚,腻'
厚,',腻',,,,'厚,腻'
薄,',腻',,,,'薄,腻'
薄,',腻',,,,'薄,腻'
薄,,,,,薄
薄,,,,,薄
薄,,,,,薄
薄,,,,,薄
薄,,,,,薄
薄,,,,,薄
薄,,,,,薄
厚,,,,,厚
厚,,,,,厚
薄,,,,,薄
薄,,,,,薄
薄,,,,,薄
薄,,,,,薄
薄,,,,,薄
薄,,,,,薄
薄,,,,,薄
薄,,,,,薄
厚,,,,,厚
薄,,,,,薄
厚,,,,,厚
厚,,,,,厚
厚,,,,,厚
薄,,,,,薄
薄,,,,,薄
薄,,,,,薄
厚,',腻',,,,'厚,腻'
薄,,,,,薄
薄,,,,,薄
薄,,,,,薄
薄,,,,,薄
薄,,,,,薄
薄,,,,,薄
厚,,,,,厚
厚,,,,,厚
薄,,,,,薄
薄,,,,,薄
厚,,,,,厚
薄,,,,,薄
厚,',腻',,,,'厚,腻'
薄,,,,,薄
薄,,,,,薄
薄,,,,,薄
薄,,,,,薄
薄,,,,,薄
薄,,,,,薄
薄,,,,,薄
薄,,,,,薄
薄,,,,,薄
薄,,,,,薄
薄,,,,,薄
薄,,,,,薄
薄,,,,,薄
薄,',剥脱',,,,'薄,剥脱'
薄,,,,,薄
薄,,,,,薄
薄,',腻',,,,'薄,腻'
薄,',腻',,,,'薄,腻'
薄,',腻',,,,'薄,腻'
厚,',腻',,,,'厚,腻'
薄,,,,,薄
厚,',腻',,,,'厚,腻'
薄,,,,,薄
厚,',腻',,,,'厚,腻'
厚,',腻',,,,'厚,腻'
厚,',腻',,,,'厚,腻'
薄,',腻',,,,'薄,腻'
薄,,,,,薄
薄,,,,,薄
薄,,,,,薄
厚,',腻',,,,'厚,腻'
厚,,,,,厚
薄,,,,,薄
薄,,,,,薄
薄,,,,,薄
薄,,,,,薄
薄,',腻',,,,'薄,腻'
薄,,,,,薄
薄,,,,,薄
薄,,,,,薄
薄,,,,,薄
薄,,,,,薄
薄,,,,,薄
厚,,,,,厚
薄,',腻',,,,'薄,腻'
薄,,,,,薄
薄,,,,,薄
薄,,,,,薄
薄,,,,,薄
薄,,,,,薄
薄,,,,,薄
薄,,,,,薄
薄,,,,,薄
薄,,,,,薄
薄,,,,,薄
薄,',腻',,,,'薄,腻'
薄,,,,,薄
薄,,,,,薄
薄,,,,,薄
薄,,,,,薄
薄,,,,,薄
薄,,,,,薄
薄,,,,,薄
薄,,,,,薄
薄,,,,,薄
薄,,,,,薄
薄,,,,,薄
薄,,,,,薄
薄,,,,,薄
薄,,,,,薄
薄,,,,,薄
厚,,,,,厚
薄,,,,,薄
薄,,,,,薄
薄,,,,,薄
薄,,,,,薄
薄,,,,,薄
薄,,,,,薄
薄,,,,,薄
薄,',剥脱',,,,'薄,剥脱'
薄,',剥脱',,,,'薄,剥脱'
薄,',剥脱',,,,'薄,剥脱'
薄,,,,,薄
薄,',剥脱',,,,'薄,剥脱'
薄,',腻',,,,'薄,腻'
薄,,,,,薄
薄,,,,,薄
薄,',腻',,,,'薄,腻'
薄,,,,,薄
薄,,,,,薄
薄,',腻',,,,'薄,腻'
薄,,,,,薄
厚,,,,,厚
薄,,,,,薄
薄,,,,,薄
厚,',腻',,,,'厚,腻'
薄,,,,,薄
薄,,,,,薄
薄,,,,,薄
薄,,,,,薄
薄,,,,,薄
薄,,,,,薄
薄,,,,,薄
薄,,,,,薄
薄,,,,,薄
薄,,,,,薄
薄,,,,,薄
薄,',剥脱',,,,'薄,剥脱'
薄,,,,,薄
薄,,,,,薄
薄,,,,,薄
薄,,,,,薄
薄,',腻',,,,'薄,腻'
薄,',腻',,,,'薄,腻'
薄,',腻',,,,'薄,腻'
薄,',腻',,,,'薄,腻'
薄,',腻',,,,'薄,腻'
薄,',腻',,,,'薄,腻'
薄,',腻',,,,'薄,腻'
薄,',腻',,,,'薄,腻'
薄,',腻',,,,'薄,腻'
薄,,,,,薄
薄,,,,,薄
薄,,,,,薄
薄,',腻',,,,'薄,腻'
薄,,,,,薄
薄,,,,,薄
薄,,,,,薄
薄,,,,,薄
薄,,,,,薄
薄,,,,,薄
薄,,,,,薄
薄,,,,,薄
薄,,,,,薄
薄,,,,,薄
,,,,,
薄,,,,,薄
厚,',腻',,,,'厚,腻'
厚,',腻',,,,'厚,腻'
厚,',腻',,,,'厚,腻'
薄,,,,,薄
厚,',腻',,,,'厚,腻'
薄,,,,,薄
厚,',腻',,,,'厚,腻'
厚,',腻',,,,'厚,腻'
厚,',腻',,,,'厚,腻'
厚,',腻',,,,'厚,腻'
厚,',腻',,,,'厚,腻'
厚,,,,,厚
薄,,,,,薄
薄,,,,,薄
薄,,,,,薄
薄,,,,,薄
薄,,,,,薄
厚,,,,,厚
薄,,,,,薄
薄,,,,,薄
薄,,,,,薄
薄,,,,,薄
薄,,,,,薄
薄,,,,,薄
薄,,,,,薄
薄,,,,,薄
薄,,,,,薄
薄,,,,,薄
薄,,,,,薄
薄,,,,,薄
薄,,,,,薄
薄,,,,,薄
厚,,,,,厚
薄,,,,,薄
薄,,,,,薄
薄,,,,,薄
薄,,,,,薄
薄,,,,,薄
薄,,,,,薄
薄,,,,,薄
薄,,,,,薄
薄,,,,,薄
薄,,,,,薄
薄,,,,,薄
薄,,,,,薄
薄,,,,,薄
薄,,,,,薄
薄,',腻',,,,'薄,腻'
薄,',腻',,,,'薄,腻'
厚,,,,,厚
薄,,,,,薄
薄,',腻',,,,'薄,腻'
薄,,,,,薄
薄,',腻',,,,'薄,腻'
薄,',腻',,,,'薄,腻'
薄,',腻',,,,'薄,腻'
薄,,,,,薄
厚,',腻',,,,'厚,腻'
薄,,,,,薄
薄,,,,,薄
薄,,,,,薄
薄,,,,,薄
薄,,,,,薄
薄,,,,,薄
薄,,,,,薄
薄,,,,,薄
薄,,,,,薄
薄,,,,,薄
薄,,,,,薄
薄,,,,,薄
薄,,,,,薄
薄,,,,,薄
薄,,,,,薄
薄,,,,,薄
薄,,,,,薄
薄,,,,,薄
薄,,,,,薄
薄,,,,,薄
厚,',腻',,,,'厚,腻'
薄,,,,,薄
厚,,,,,厚
薄,,,,,薄
薄,,,,,薄
薄,,,,,薄
薄,,,,,薄
薄,,,,,薄
薄,,,,,薄
薄,,,,,薄
薄,,,,,薄
薄,,,,,薄
薄,,,,,薄
厚,',腻',,,,'厚,腻'
薄,,,,,薄
薄,,,,,薄
厚,',腻',,,,'厚,腻'
薄,,,,,薄
薄,,,,,薄
薄,,,,,薄
薄,,,,,薄
薄,,,,,薄
薄,,,,,薄
薄,,,,,薄
薄,,,,,薄
薄,,,,,薄
薄,,,,,薄
薄,,,,,薄
薄,,,,,薄
薄,,,,,薄
薄,,,,,薄
厚,',腻',,,,'厚,腻'
厚,',腻',,,,'厚,腻'
厚,',腻',,,,'厚,腻'
薄,,,,,薄
厚,',腻',,,,'厚,腻'
厚,',腻',,,,'厚,腻'
薄,,,,,薄
薄,,,,,薄
薄,,,,,薄
薄,,,,,薄
厚,',腻',,,,'厚,腻'
薄,,,,,薄
薄,,,,,薄
薄,,,,,薄
薄,,,,,薄
厚,',腻',,,,'厚,腻'
厚,',腻',,,,'厚,腻'
薄,,,,,薄
薄,,,,,薄
薄,',腻',,,,'薄,腻'
薄,,,,,薄
薄,,,,,薄
薄,,,,,薄
薄,',腻',,,,'薄,腻'
薄,,,,,薄
薄,,,,,薄
薄,,,,,薄
薄,,,,,薄
薄,',腻',,,,'薄,腻'
薄,',腻',,,,'薄,腻'
薄,',腻',,,,'薄,腻'
薄,',腻',,,,'薄,腻'
薄,',腻',,,,'薄,腻'
薄,',腻',,,,'薄,腻'
薄,',腻',,,,'薄,腻'
薄,',腻',,,,'薄,腻'
薄,',腻',,,,'薄,腻'
薄,,,,,薄
厚,',腻',,,,'厚,腻'
厚,',腻',,,,'厚,腻'
薄,,,,,薄
薄,,,,,薄
薄,,,,,薄
薄,,,,,薄
薄,,,,,薄
薄,,,,,薄
薄,,,,,薄
薄,,,,,薄
薄,,,,,薄
薄,,,,,薄
薄,,,,,薄
薄,,,,,薄
薄,,,,,薄
薄,,,,,薄
薄,,,,,薄
薄,,,,,薄
薄,,,,,薄
薄,,,,,薄
薄,,,,,薄
薄,,,,,薄
薄,,,,,薄
薄,,,,,薄
薄,,,,,薄
薄,,,,,薄
薄,,,,,薄
薄,,,,,薄
薄,,,,,薄
薄,,,,,薄
厚,,,,,厚
薄,,,,,薄
薄,,,,,薄
薄,,,,,薄
薄,,,,,薄
薄,,,,,薄
厚,,,,,厚
薄,,,,,薄
薄,,,,,薄
薄,',腻',,,,'薄,腻'
薄,,,,,薄
薄,,,,,薄
薄,',腻',,,,'薄,腻'
薄,,,,,薄
薄,,,,,薄
薄,,,,,薄
薄,',腻',,,,'薄,腻'
薄,,,,,薄
薄,,,,,薄
薄,,,,,薄
薄,',腻',,,,'薄,腻'
薄,,,,,薄
薄,,,,,薄
薄,,,,,薄
薄,,,,,薄
薄,,,,,薄
薄,,,,,薄
薄,,,,,薄
薄,,,,,薄
薄,,,,,薄
薄,,,,,薄
厚,,,,,厚
薄,,,,,薄
薄,,,,,薄
厚,,,,,厚
薄,,,,,薄
厚,,,,,厚
薄,,,,,薄
薄,,,,,薄
厚,,,,,厚
厚,,,,,厚
薄,,,,,薄
薄,,,,,薄
薄,,,,,薄
薄,,,,,薄
薄,,,,,薄
薄,,,,,薄
厚,',腻',,,,'厚,腻'
薄,,,,,薄
薄,,,,,薄
薄,,,,,薄
薄,,,,,薄
薄,,,,,薄
薄,',剥脱',,,,'薄,剥脱'
薄,',剥脱',,,,'薄,剥脱'
薄,',剥脱',,,,'薄,剥脱'
薄,,,,,薄
薄,,,,,薄
薄,',剥脱',,,,'薄,剥脱'
薄,',剥脱',,,,'薄,剥脱'
薄,',腻',,,,'薄,腻'
薄,',剥脱',,,,'薄,剥脱'
薄,',剥脱',,,,'薄,剥脱'
薄,,,,,薄
薄,',剥脱',,,,'薄,剥脱'
薄,',剥脱',,,,'薄,剥脱'
薄,',剥脱',,,,'薄,剥脱'
薄,',剥脱',,,,'薄,剥脱'
薄,',剥脱',,,,'薄,剥脱'
薄,,,,,薄
薄,',腻',,,,'薄,腻'
薄,',剥脱',,,,'薄,剥脱'
薄,',剥脱',,,,'薄,剥脱'
薄,',剥脱',,,,'薄,剥脱'
薄,',剥脱',,,,'薄,剥脱'
薄,',剥脱',,,,'薄,剥脱'
薄,',剥脱',,,,'薄,剥脱'
薄,',剥脱',,,,'薄,剥脱'
薄,',剥脱',,,,'薄,剥脱'
薄,',剥脱',,,,'薄,剥脱'
薄,',剥脱',,,,'薄,剥脱'
薄,',剥脱',,,,'薄,剥脱'
薄,,,,,薄
薄,',剥脱',,,,'薄,剥脱'
薄,,,,,薄
厚,,,,,厚
薄,,,,,薄
薄,',剥脱',,,,'薄,剥脱'
厚,',腻',,,,'厚,腻'
厚,,,,,厚
厚,,,,,厚
薄,,,,,薄
薄,,,,,薄
薄,,,,,薄
薄,,,,,薄
薄,,,,,薄
薄,,,,,薄
薄,,,,,薄
薄,,,,,薄
薄,,,,,薄
厚,',腻',,,,'厚,腻'
薄,,,,,薄
薄,,,,,薄
薄,,,,,薄
薄,,,,,薄
薄,,,,,薄
薄,,,,,薄
厚,,,,,厚
薄,',腻',,,,'薄,腻'
厚,,,,,厚
薄,,,,,薄
薄,,,,,薄
薄,,,,,薄
薄,,,,,薄
薄,,,,,薄
薄,,,,,薄
薄,,,,,薄
薄,,,,,薄
薄,,,,,薄
薄,,,,,薄
薄,,,,,薄
薄,,,,,薄
薄,,,,,薄
薄,,,,,薄
薄,,,,,薄
薄,,,,,薄
薄,,,,,薄
薄,,,,,薄
薄,,,,,薄
厚,',腻',,,,'厚,腻'
薄,',腻',,,,'薄,腻'
薄,,,,,薄
薄,,,,,薄
薄,,,,,薄
厚,',腻',,,,'厚,腻'
厚,',腻',,,,'厚,腻'
厚,',腻',,,,'厚,腻'
薄,,,,,薄
薄,,,,,薄
薄,,,,,薄
薄,,,,,薄
薄,,,,,薄
薄,,,,,薄
薄,,,,,薄
薄,,,,,薄
薄,,,,,薄
薄,,,,,薄
薄,,,,,薄
厚,',腻',,,,'厚,腻'
薄,,,,,薄
薄,,,,,薄
厚,,,,,厚
薄,,,,,薄
薄,,,,,薄
薄,,,,,薄
厚,',腻',,,,'厚,腻'
厚,',腻',,,,'厚,腻'
薄,,,,,薄
厚,',腻',,,,'厚,腻'
厚,,,,,厚
薄,,,,,薄
厚,',腻',,,,'厚,腻'
薄,,,,,薄
薄,,,,,薄
薄,,,,,薄
薄,,,,,薄
薄,,,,,薄
厚,,,,,厚
薄,,,,,薄
薄,,,,,薄
厚,',腻',,,,'厚,腻'
薄,,,,,薄
薄,',腻',,,,'薄,腻'
厚,,,,,厚
厚,',腻',,,,'厚,腻'
薄,,,,,薄
薄,,,,,薄
薄,,,,,薄
薄,,,,,薄
薄,,,,,薄
厚,',腻',,,,'厚,腻'
薄,,,,,薄
薄,,,,,薄
薄,,,,,薄
厚,',腻',,,,'厚,腻'
厚,,,,,厚
薄,,,,,薄
薄,,,,,薄
薄,,,,,薄
薄,,,,,薄
薄,,,,,薄
薄,,,,,薄
薄,,,,,薄
薄,,,,,薄
薄,,,,,薄
薄,,,,,薄
薄,,,,,薄
厚,',腻',,,,'厚,腻'
薄,,,,,薄
薄,,,,,薄
薄,,,,,薄
薄,,,,,薄
厚,',腻',,,,'厚,腻'
薄,,,,,薄
薄,,,,,薄
薄,,,,,薄
薄,,,,,薄
薄,,,,,薄
薄,,,,,薄
薄,,,,,薄
厚,',腻',,,,'厚,腻'
薄,,,,,薄
薄,,,,,薄
薄,,,,,薄
薄,,,,,薄
薄,,,,,薄
薄,,,,,薄
薄,,,,,薄
,,,,,
薄,,,,,薄
薄,,,,,薄
薄,',腻',,,,'薄,腻'
,,,,,
薄,,,,,薄
薄,,,,,薄
薄,,,,,薄
薄,,,,,薄
薄,',剥脱',,,,'薄,剥脱'
薄,',剥脱',,,,'薄,剥脱'
薄,',剥脱',,,,'薄,剥脱'
薄,,,,,薄
薄,',剥脱',,,,'薄,剥脱'
薄,',剥脱',,,,'薄,剥脱'
薄,',剥脱',,,,'薄,剥脱'
薄,,,,,薄
薄,',腻',,,,'薄,腻'
薄,,,,,薄
薄,,,,,薄
薄,,,,,薄
薄,,,,,薄
薄,,,,,薄
薄,,,,,薄
薄,,,,,薄
薄,,,,,薄
薄,,,,,薄
薄,,,,,薄
薄,,,,,薄
薄,,,,,薄
薄,,,,,薄
薄,,,,,薄
薄,,,,,薄
薄,,,,,薄
薄,,,,,薄
薄,,,,,薄
薄,,,,,薄
薄,,,,,薄
薄,,,,,薄
薄,,,,,薄
厚,,,,,厚
薄,,,,,薄
薄,,,,,薄
薄,,,,,薄
薄,,,,,薄
薄,,,,,薄
薄,,,,,薄
厚,,,,,厚
薄,,,,,薄
薄,,,,,薄
薄,,,,,薄
厚,,,,,厚
薄,',腻',,,,'薄,腻'
薄,,,,,薄
薄,,,,,薄
薄,,,,,薄
薄,,,,,薄
薄,,,,,薄
薄,,,,,薄
薄,,,,,薄
薄,,,,,薄
薄,,,,,薄
薄,,,,,薄
薄,,,,,薄
薄,,,,,薄
薄,,,,,薄
厚,,,,,厚
薄,,,,,薄
薄,,,,,薄
薄,,,,,薄
薄,,,,,薄
薄,',剥脱',,,,'薄,剥脱'
薄,',腻',,,,'薄,腻'
薄,',腻',,,,'薄,腻'
薄,',腻',,,,'薄,腻'
薄,',腻',,,,'薄,腻'
薄,,,,,薄
厚,',腻',,,,'厚,腻'
薄,,,,,薄
薄,,,,,薄
薄,,,,,薄
厚,',腻',,,,'厚,腻'
薄,',腻',,,,'薄,腻'
薄,,,,,薄
薄,',腻',,,,'薄,腻'
薄,,,,,薄
薄,',腻',,,,'薄,腻'
薄,',腻',,,,'薄,腻'
薄,',腻',,,,'薄,腻'
薄,,,,,薄
薄,,,,,薄
薄,',腻',,,,'薄,腻'
薄,',腻',,,,'薄,腻'
薄,',腻',,,,'薄,腻'
薄,,,,,薄
薄,',腻',,,,'薄,腻'
薄,,,,,薄
厚,',腻',,,,'厚,腻'
薄,,,,,薄
薄,',腻',,,,'薄,腻'
薄,,,,,薄
薄,',腻',,,,'薄,腻'
薄,',腻',,,,'薄,腻'
,,,,,
薄,,,,,薄
薄,',腻',,,,'薄,腻'
薄,,,,,薄
薄,,,,,薄
薄,,,,,薄
薄,,,,,薄
薄,,,,,薄
薄,,,,,薄
薄,,,,,薄
薄,',腻',,,,'薄,腻'
薄,,,,,薄
薄,,,,,薄
薄,,,,,薄
厚,',腻',,,,'厚,腻'
薄,,,,,薄
薄,,,,,薄
薄,,,,,薄
薄,,,,,薄
薄,,,,,薄
薄,,,,,薄
薄,,,,,薄
厚,',腻',,,,'厚,腻'
薄,,,,,薄
薄,,,,,薄
薄,,,,,薄
薄,,,,,薄
薄,,,,,薄
薄,',腻',,,,'薄,腻'
厚,',腻',,,,'厚,腻'
薄,,,,,薄
薄,,,,,薄
厚,',腻',,,,'厚,腻'
薄,,,,,薄
厚,',腻',,,,'厚,腻'
厚,',腻',,,,'厚,腻'
薄,,,,,薄
薄,,,,,薄
薄,,,,,薄
厚,,,,,厚
厚,',腻',,,,'厚,腻'
薄,',腻',,,,'薄,腻'
薄,,,,,薄
薄,',腻',,,,'薄,腻'
薄,,,,,薄
薄,,,,,薄
薄,,,,,薄
薄,,,,,薄
薄,,,,,薄
薄,',腻',,,,'薄,腻'
薄,,,,,薄
薄,',腻',,,,'薄,腻'
薄,',腻',,,,'薄,腻'
薄,',腻',,,,'薄,腻'
薄,',腻',,,,'薄,腻'
薄,',腻',,,,'薄,腻'
薄,,,,,薄
薄,',腻',,,,'薄,腻'
薄,,,,,薄
薄,,,,,薄
薄,,,,,薄
薄,,,,,薄
薄,',腻',,,,'薄,腻'
薄,,,,,薄
厚,,,,,厚
薄,,,,,薄
薄,,,,,薄
薄,',腻',,,,'薄,腻'
薄,,,,,薄
薄,',腻',,,,'薄,腻'
厚,,,,,厚
薄,,,,,薄
薄,,,,,薄
薄,,,,,薄
薄,,,,,薄
薄,,,,,薄
薄,,,,,薄
薄,,,,,薄
薄,,,,,薄
薄,',腻',,,,'薄,腻'
薄,,,,,薄
薄,',腻',,,,'薄,腻'
薄,,,,,薄
薄,,,,,薄
薄,',腻',,,,'薄,腻'
薄,,,,,薄
薄,',腻',,,,'薄,腻'
薄,,,,,薄
薄,,,,,薄
薄,,,,,薄
薄,',腻',,,,'薄,腻'
薄,',腻',,,,'薄,腻'
厚,,,,,厚
厚,,,,,厚
厚,,,,,厚
厚,,,,,厚
厚,,,,,厚
厚,,,,,厚
薄,',腻',,,,'薄,腻'
薄,',腻',,,,'薄,腻'
薄,',腻',,,,'薄,腻'
薄,',腻',,,,'薄,腻'
薄,',腻',,,,'薄,腻'
薄,',腻',,,,'薄,腻'
薄,',腻',,,,'薄,腻'
薄,',腻',,,,'薄,腻'
薄,',腻',,,,'薄,腻'
薄,',腻',,,,'薄,腻'
薄,',腻',,,,'薄,腻'
厚,,,,,厚
薄,,,,,薄
厚,',腻',,,,'厚,腻'
薄,,,,,薄
薄,',腻',,,,'薄,腻'
薄,',腻',,,,'薄,腻'
薄,',腻',,,,'薄,腻'
薄,',腻',,,,'薄,腻'
薄,,,,,薄
薄,',腻',,,,'薄,腻'
薄,,,,,薄
厚,',腻',,,,'厚,腻'
薄,',腻',,,,'薄,腻'
薄,,,,,薄
薄,',腻',,,,'薄,腻'
薄,',腻',,,,'薄,腻'
薄,',腻',,,,'薄,腻'
薄,',腻',,,,'薄,腻'
薄,',腻',,,,'薄,腻'
薄,',腻',,,,'薄,腻'
薄,',腻',,,,'薄,腻'
薄,',腻',,,,'薄,腻'
厚,',腻',,,,'厚,腻'
薄,',腻',,,,'薄,腻'
薄,',腻',,,,'薄,腻'
薄,',腻',,,,'薄,腻'
薄,',腻',,,,'薄,腻'
薄,',腻',,,,'薄,腻'
薄,',腻',,,,'薄,腻'
厚,',腻',,,,'厚,腻'
厚,',腻',,,,'厚,腻'
厚,',腻',,,,'厚,腻'
厚,,,,,厚
厚,',腻',,,,'厚,腻'
厚,',腻',,,,'厚,腻'
薄,',腻',,,,'薄,腻'
厚,',腻',,,,'厚,腻'
薄,,,,,薄
薄,',腻',,,,'薄,腻'
薄,',腻',,,,'薄,腻'
厚,',腻',,,,'厚,腻'
薄,',腻',,,,'薄,腻'
厚,',腻',,,,'厚,腻'
厚,',腻',,,,'厚,腻'
厚,',腻',,,,'厚,腻'
厚,',腻',,,,'厚,腻'
薄,,,,,薄
薄,,,,,薄
薄,,,,,薄
厚,',腻',,,,'厚,腻'
厚,',腻',,,,'厚,腻'
厚,',腻',,,,'厚,腻'
厚,',腻',,,,'厚,腻'
腻,',薄',,,,'腻,薄'
腻,',薄',,,,'腻,薄'
厚,',腻',,,,'厚,腻'
厚,',腻',,,,'厚,腻'
厚,',腻',,,,'厚,腻'
厚,',腻',,,,'厚,腻'
薄,',腻',,,,'薄,腻'
厚,',腻',,,,'厚,腻'
薄,',腻',,,,'薄,腻'
薄,,,,,薄
厚,,,,,厚
厚,,,,,厚
厚,,,,,厚
厚,,,,,厚
腻,',厚',,,,'腻,厚'
厚,,,,,厚
厚,,,,,厚
厚,',腻',,,,'厚,腻'
厚,,,,,厚
厚,,,,,厚
厚,,,,,厚
厚,,,,,厚
厚,,,,,厚
厚,,,,,厚
厚,,,,,厚
厚,,,,,厚
薄,,,,,薄
厚,',腻',,,,'厚,腻'
厚,',腻',,,,'厚,腻'
厚,',腻',,,,'厚,腻'
薄,,,,,薄
厚,,,,,厚
薄,,,,,薄
薄,,,,,薄
厚,',腻',,,,'厚,腻'
厚,',腻',,,,'厚,腻'
厚,',腻',,,,'厚,腻'
厚,',腻',,,,'厚,腻'
厚,',腻',,,,'厚,腻'
薄,,,,,薄
薄,,,,,薄
厚,',腻',,,,'厚,腻'
薄,,,,,薄
薄,,,,,薄
厚,',腻',,,,'厚,腻'
厚,',腻',,,,'厚,腻'
厚,',腻',,,,'厚,腻'
厚,',腻',,,,'厚,腻'
薄,',腻',,,,'薄,腻'
厚,',腻',,,,'厚,腻'
厚,',腻',,,,'厚,腻'
厚,',腻',,,,'厚,腻'
薄,,,,,薄
厚,',腻',,,,'厚,腻'
薄,,,,,薄
厚,',腻',,,,'厚,腻'
厚,',腻',,,,'厚,腻'
厚,',腻',,,,'厚,腻'
厚,',腻',,,,'厚,腻'
薄,,,,,薄
薄,,,,,薄
薄,,,,,薄
厚,',腻',,,,'厚,腻'
厚,',腻',,,,'厚,腻'
薄,,,,,薄
厚,',腻',,,,'厚,腻'
薄,,,,,薄
厚,',腻',,,,'厚,腻'
厚,',腻',,,,'厚,腻'
厚,',腻',,,,'厚,腻'
厚,',腻',,,,'厚,腻'
厚,',腻',,,,'厚,腻'
厚,',腻',,,,'厚,腻'
薄,,,,,薄
薄,,,,,薄
厚,',腻',,,,'厚,腻'
厚,',腻',,,,'厚,腻'
厚,',腻',,,,'厚,腻'
厚,',腻',,,,'厚,腻'
薄,,,,,薄
薄,,,,,薄
厚,',腻',,,,'厚,腻'
厚,,,,,厚
厚,',腻',,,,'厚,腻'
厚,',腻',,,,'厚,腻'
厚,',腻',,,,'厚,腻'
厚,',腻',,,,'厚,腻'
厚,',腻',,,,'厚,腻'
厚,',腻',,,,'厚,腻'
薄,,,,,薄
厚,',腻',,,,'厚,腻'
厚,',腻',,,,'厚,腻'
厚,',腻',,,,'厚,腻'
薄,,,,,薄
厚,',腻',,,,'厚,腻'
薄,,,,,薄
腻,',薄',,,,'腻,薄'
薄,,,,,薄
薄,,,,,薄
厚,,,,,厚
厚,,,,,厚
厚,,,,,厚
厚,',腻',,,,'厚,腻'
厚,',腻',,,,'厚,腻'
厚,,,,,厚
薄,,,,,薄
厚,,,,,厚
厚,,,,,厚
厚,',腻',,,,'厚,腻'
厚,,,,,厚
厚,,,,,厚
厚,,,,,厚
薄,,,,,薄
薄,,,,,薄
薄,,,,,薄
薄,,,,,薄
薄,,,,,薄
厚,',腻',,,,'厚,腻'
厚,',腻',,,,'厚,腻'
薄,',腻',,,,'薄,腻'
薄,',腻',,,,'薄,腻'
薄,',腻',,,,'薄,腻'
薄,,,,,薄
薄,,,,,薄
薄,,,,,薄
薄,,,,,薄
薄,,,,,薄
薄,,,,,薄
厚,',腻',,,,'厚,腻'
厚,',腻',,,,'厚,腻'
厚,',腻',,,,'厚,腻'
薄,,,,,薄
厚,',腻',,,,'厚,腻'
薄,,,,,薄
薄,,,,,薄
厚,',腻',,,,'厚,腻'
薄,,,,,薄
薄,,,,,薄
薄,,,,,薄
薄,,,,,薄
厚,,,,,厚
腻,',厚',,,,'腻,厚'
薄,,,,,薄
薄,,,,,薄
薄,,,,,薄
薄,,,,,薄
厚,,,,,厚
薄,,,,,薄
薄,,,,,薄
薄,,,,,薄
薄,,,,,薄
薄,,,,,薄
厚,,,,,厚
薄,,,,,薄
厚,,,,,厚
薄,,,,,薄
薄,',剥脱',,,,'薄,剥脱'
薄,,,,,薄
薄,',剥脱',,,,'薄,剥脱'
薄,',剥脱',,,,'薄,剥脱'
薄,',剥脱',,,,'薄,剥脱'
薄,',剥脱',,,,'薄,剥脱'
薄,',剥脱',,,,'薄,剥脱'
薄,',剥脱',,,,'薄,剥脱'
薄,',剥脱',,,,'薄,剥脱'
薄,',剥脱',,,,'薄,剥脱'
薄,',剥脱',,,,'薄,剥脱'
薄,',剥脱',,,,'薄,剥脱'
薄,',剥脱',,,,'薄,剥脱'
薄,',剥脱',,,,'薄,剥脱'
厚,,,,,厚
薄,',剥脱',,,,'薄,剥脱'
薄,',剥脱',,,,'薄,剥脱'
薄,',剥脱',,,,'薄,剥脱'
薄,',剥脱',,,,'薄,剥脱'
薄,',剥脱',,,,'薄,剥脱'
薄,',剥脱',,,,'薄,剥脱'
薄,',剥脱',,,,'薄,剥脱'
薄,',剥脱',,,,'薄,剥脱'
薄,',剥脱',,,,'薄,剥脱'
薄,',剥脱',,,,'薄,剥脱'
薄,',剥脱',,,,'薄,剥脱'
薄,',剥脱',,,,'薄,剥脱'
薄,',剥脱',,,,'薄,剥脱'
薄,',剥脱',,,,'薄,剥脱'
薄,,,,,薄
薄,,,,,薄
厚,',腻',,,,'厚,腻'
薄,,,,,薄
薄,,,,,薄
薄,,,,,薄
薄,,,,,薄
薄,,,,,薄
薄,,,,,薄
薄,,,,,薄
厚,',腻',,,,'厚,腻'
厚,,,,,厚
厚,',腻',,,,'厚,腻'
厚,,,,,厚
薄,,,,,薄
薄,,,,,薄
厚,,,,,厚
薄,,,,,薄
薄,,,,,薄
薄,,,,,薄
厚,,,,,厚
薄,,,,,薄
厚,',腻',,,,'厚,腻'
薄,,,,,薄
薄,,,,,薄
薄,,,,,薄
薄,,,,,薄
薄,,,,,薄
薄,,,,,薄
薄,,,,,薄
薄,,,,,薄
薄,,,,,薄
薄,,,,,薄
薄,,,,,薄
厚,',腻',,,,'厚,腻'
厚,,,,,厚
薄,,,,,薄
薄,,,,,薄
薄,,,,,薄
厚,',腻',,,,'厚,腻'
薄,,,,,薄
薄,,,,,薄
薄,,,,,薄
薄,,,,,薄
薄,,,,,薄
薄,,,,,薄
薄,,,,,薄
薄,,,,,薄
薄,,,,,薄
薄,,,,,薄
薄,,,,,薄
厚,',腻',,,,'厚,腻'
薄,',剥脱',,,,'薄,剥脱'
薄,',剥脱',,,,'薄,剥脱'
薄,,,,,薄
薄,,,,,薄
厚,,,,,厚
薄,,,,,薄
厚,,,,,厚
厚,,,,,厚
薄,,,,,薄
厚,',腻',,,,'厚,腻'
薄,,,,,薄
厚,,,,,厚
厚,,,,,厚
厚,,,,,厚
薄,,,,,薄
薄,,,,,薄
薄,,,,,薄
薄,,,,,薄
薄,,,,,薄
薄,,,,,薄
薄,,,,,薄
薄,,,,,薄
薄,,,,,薄
薄,,,,,薄
厚,,,,,厚
厚,,,,,厚
薄,,,,,薄
厚,,,,,厚
薄,,,,,薄
厚,,,,,厚
薄,,,,,薄
薄,,,,,薄
薄,,,,,薄
薄,,,,,薄
厚,,,,,厚
厚,,,,,厚
薄,,,,,薄
薄,,,,,薄
薄,,,,,薄
薄,,,,,薄
薄,,,,,薄
薄,,,,,薄
薄,,,,,薄
薄,,,,,薄
薄,,,,,薄
薄,,,,,薄
薄,,,,,薄
厚,',腻',,,,'厚,腻'
薄,,,,,薄
薄,,,,,薄
薄,,,,,薄
薄,,,,,薄
厚,,,,,厚
厚,,,,,厚
薄,,,,,薄
薄,,,,,薄
薄,,,,,薄
薄,',剥脱',,,,'薄,剥脱'
薄,,,,,薄
薄,,,,,薄
薄,,,,,薄
薄,,,,,薄
薄,,,,,薄
薄,,,,,薄
薄,,,,,薄
薄,,,,,薄
薄,,,,,薄
薄,,,,,薄
薄,,,,,薄
薄,,,,,薄
薄,,,,,薄
薄,,,,,薄
薄,,,,,薄
薄,,,,,薄
薄,,,,,薄
厚,',腻',,,,'厚,腻'
腻,',薄',,,,'腻,薄'
厚,',腻',,,,'厚,腻'
厚,',腻',,,,'厚,腻'
厚,',腻',,,,'厚,腻'
厚,',腻',,,,'厚,腻'
厚,,,,,厚
厚,',腻',,,,'厚,腻'
腻,',薄',,,,'腻,薄'
腻,',厚',,,,'腻,厚'
腻,',薄',,,,'腻,薄'
薄,',腻',,,,'薄,腻'
厚,',腻',,,,'厚,腻'
厚,',腻',,,,'厚,腻'
薄,,,,,薄
薄,,,,,薄
薄,,,,,薄
薄,,,,,薄
薄,,,,,薄
薄,,,,,薄
薄,,,,,薄
薄,,,,,薄
薄,,,,,薄
薄,,,,,薄
薄,,,,,薄
薄,,,,,薄
薄,,,,,薄
薄,,,,,薄
薄,,,,,薄
薄,,,,,薄
厚,,,,,厚
厚,,,,,厚
薄,,,,,薄
薄,,,,,薄
薄,,,,,薄
薄,,,,,薄
薄,,,,,薄
薄,,,,,薄
厚,,,,,厚
薄,,,,,薄
厚,,,,,厚
薄,,,,,薄
厚,,,,,厚
薄,,,,,薄
薄,,,,,薄
厚,,,,,厚
薄,,,,,薄
薄,,,,,薄
厚,,,,,厚
薄,,,,,薄
厚,',腻',,,,'厚,腻'
厚,,,,,厚
薄,,,,,薄
薄,,,,,薄
薄,,,,,薄
薄,,,,,薄
薄,,,,,薄
薄,,,,,薄
薄,,,,,薄
薄,,,,,薄
薄,,,,,薄
薄,,,,,薄
薄,,,,,薄
薄,,,,,薄
薄,,,,,薄
薄,,,,,薄
薄,,,,,薄
薄,,,,,薄
薄,,,,,薄
薄,,,,,薄
厚,,,,,厚
薄,,,,,薄
薄,,,,,薄
薄,,,,,薄
薄,,,,,薄
薄,,,,,薄
薄,,,,,薄
薄,,,,,薄
薄,,,,,薄
薄,,,,,薄
厚,,,,,厚
薄,,,,,薄
薄,,,,,薄
薄,,,,,薄
薄,,,,,薄
薄,,,,,薄
薄,,,,,薄
薄,,,,,薄
薄,,,,,薄
薄,,,,,薄
薄,,,,,薄
薄,,,,,薄
薄,,,,,薄
薄,,,,,薄
薄,,,,,薄
薄,,,,,薄
薄,,,,,薄
薄,,,,,薄
薄,,,,,薄
薄,,,,,薄
燥,',薄',,,,'燥,薄'
薄,,,,,薄
薄,,,,,薄
薄,',剥脱',,,,'薄,剥脱'
薄,,,,,薄
薄,',剥脱',,,,'薄,剥脱'
厚,,,,,厚
薄,,,,,薄
厚,,,,,厚
薄,',剥脱',,,,'薄,剥脱'
厚,,,,,厚
厚,,,,,厚
薄,,,,,薄
薄,,,,,薄
薄,,,,,薄
薄,,,,,薄
薄,,,,,薄
薄,,,,,薄
薄,,,,,薄
薄,,,,,薄
薄,',剥脱',,,,'薄,剥脱'
薄,,,,,薄
薄,',剥脱',,,,'薄,剥脱'
薄,',剥脱',,,,'薄,剥脱'
薄,',剥脱',,,,'薄,剥脱'
薄,',剥脱',,,,'薄,剥脱'
薄,',剥脱',,,,'薄,剥脱'
薄,',剥脱',,,,'薄,剥脱'
薄,',剥脱',,,,'薄,剥脱'
薄,',剥脱',,,,'薄,剥脱'
薄,',剥脱',,,,'薄,剥脱'
薄,',剥脱',,,,'薄,剥脱'
薄,,,,,薄
薄,,,,,薄
薄,,,,,薄
薄,,,,,薄
薄,,,,,薄
薄,,,,,薄
厚,',腻',,,,'厚,腻'
薄,',剥脱',,,,'薄,剥脱'
薄,,,,,薄
薄,,,,,薄
薄,,,,,薄
厚,',腻',,,,'厚,腻'
薄,,,,,薄
厚,',腻',,,,'厚,腻'
厚,',腻',,,,'厚,腻'
薄,',腻',,,,'薄,腻'
腻,',薄',,,,'腻,薄'
薄,',腻',,,,'薄,腻'
厚,',腻',,,,'厚,腻'
厚,',腻',,,,'厚,腻'
厚,',腻',,,,'厚,腻'
厚,',腻',,,,'厚,腻'
薄,,,,,薄
厚,',腻',,,,'厚,腻'
厚,',腻',,,,'厚,腻'
薄,,,,,薄
薄,,,,,薄
厚,,,,,厚
厚,,,,,厚
厚,,,,,厚
薄,,,,,薄
厚,,,,,厚
薄,,,,,薄
薄,,,,,薄
薄,,,,,薄
薄,,,,,薄
薄,,,,,薄
薄,,,,,薄
薄,,,,,薄
薄,,,,,薄
厚,',腻',,,,'厚,腻'
薄,,,,,薄
薄,,,,,薄
薄,,,,,薄
厚,',腻',,,,'厚,腻'
薄,,,,,薄
厚,',腻',,,,'厚,腻'
厚,',腻',,,,'厚,腻'
薄,,,,,薄
厚,',腻',,,,'厚,腻'
厚,',腻',,,,'厚,腻'
厚,',腻',,,,'厚,腻'
薄,,,,,薄
厚,',腻',,,,'厚,腻'
厚,',腻',,,,'厚,腻'
薄,,,,,薄
厚,',腻',,,,'厚,腻'
薄,,,,,薄
厚,',腻',,,,'厚,腻'
厚,',腻',,,,'厚,腻'
厚,',腻',,,,'厚,腻'
厚,',腻',,,,'厚,腻'
厚,',腻',,,,'厚,腻'
薄,,,,,薄
厚,',腻',,,,'厚,腻'
薄,,,,,薄
薄,,,,,薄
厚,',腻',,,,'厚,腻'
厚,',腻',,,,'厚,腻'
厚,',腻',,,,'厚,腻'
厚,',腻',,,,'厚,腻'
厚,',腻',,,,'厚,腻'
薄,,,,,薄
腻,',薄',,,,'腻,薄'
厚,',腻',,,,'厚,腻'
厚,',腻',,,,'厚,腻'
薄,,,,,薄
厚,',腻',,,,'厚,腻'
薄,,,,,薄
厚,',腻',,,,'厚,腻'
厚,',腻',,,,'厚,腻'
厚,',腻',,,,'厚,腻'
厚,',腻',,,,'厚,腻'
厚,',腻',,,,'厚,腻'
薄,,,,,薄
薄,,,,,薄
薄,',腻',,,,'薄,腻'
薄,',腻',,,,'薄,腻'
薄,',腻',,,,'薄,腻'
薄,',腻',,,,'薄,腻'
薄,,,,,薄
薄,,,,,薄
薄,,,,,薄
薄,,,,,薄
薄,,,,,薄
薄,,,,,薄
薄,,,,,薄
薄,,,,,薄
薄,,,,,薄
薄,,,,,薄
薄,,,,,薄
薄,,,,,薄
薄,,,,,薄
薄,,,,,薄
薄,,,,,薄
薄,',腻',,,,'薄,腻'
薄,',腻',,,,'薄,腻'
薄,,,,,薄
薄,,,,,薄
薄,,,,,薄
薄,,,,,薄
薄,,,,,薄
薄,,,,,薄
薄,,,,,薄
薄,,,,,薄
薄,,,,,薄
薄,,,,,薄
薄,,,,,薄
薄,,,,,薄
薄,,,,,薄
薄,,,,,薄
薄,,,,,薄
薄,,,,,薄
薄,,,,,薄
薄,,,,,薄
薄,,,,,薄
薄,,,,,薄
薄,,,,,薄
薄,,,,,薄
薄,,,,,薄
薄,,,,,薄
薄,,,,,薄
薄,,,,,薄
薄,,,,,薄
薄,,,,,薄
薄,,,,,薄
薄,,,,,薄
薄,,,,,薄
薄,,,,,薄
薄,,,,,薄
薄,,,,,薄
薄,,,,,薄
薄,,,,,薄
薄,',腻',,,,'薄,腻'
薄,,,,,薄
薄,,,,,薄
薄,,,,,薄
薄,,,,,薄
薄,',腻',,,,'薄,腻'
薄,',腻',,,,'薄,腻'
薄,,,,,薄
薄,,,,,薄
薄,,,,,薄
薄,,,,,薄
薄,,,,,薄
薄,,,,,薄
薄,,,,,薄
薄,,,,,薄
薄,,,,,薄
薄,,,,,薄
厚,',腻',,,,'厚,腻'
薄,',腻',,,,'薄,腻'
薄,',腻',,,,'薄,腻'
剥脱,',薄',,,,'剥脱,薄'
薄,,,,,薄
薄,,,,,薄
薄,,,,,薄
薄,,,,,薄
薄,,,,,薄
薄,,,,,薄
薄,,,,,薄
薄,,,,,薄
薄,,,,,薄
薄,,,,,薄
薄,,,,,薄
薄,,,,,薄
薄,,,,,薄
薄,,,,,薄
厚,',腻',,,,'厚,腻'
薄,,,,,薄
薄,,,,,薄
薄,,,,,薄
薄,,,,,薄
薄,,,,,薄
薄,,,,,薄
薄,,,,,薄
薄,,,,,薄
薄,,,,,薄
薄,,,,,薄
薄,,,,,薄
薄,,,,,薄
薄,,,,,薄
薄,,,,,薄
薄,,,,,薄
薄,,,,,薄
薄,',腻',,,,'薄,腻'
薄,,,,,薄
厚,',腻',,,,'厚,腻'
薄,,,,,薄
薄,',腻',,,,'薄,腻'
薄,',腻',,,,'薄,腻'
薄,,,,,薄
薄,',腻',,,,'薄,腻'
薄,',腻',,,,'薄,腻'
薄,,,,,薄
薄,,,,,薄
薄,,,,,薄
薄,,,,,薄
薄,,,,,薄
厚,',腻',,,,'厚,腻'
厚,',腻',,,,'厚,腻'
腻,',薄',,,,'腻,薄'
薄,',腻',,,,'薄,腻'
薄,,,,,薄
薄,',腻',,,,'薄,腻'
薄,',腻',,,,'薄,腻'
薄,,,,,薄
厚,',腻',,,,'厚,腻'
薄,',腻',,,,'薄,腻'
薄,',腻',,,,'薄,腻'
薄,',腻',,,,'薄,腻'
薄,',腻',,,,'薄,腻'
薄,',腻',,,,'薄,腻'
薄,',腻',,,,'薄,腻'
薄,',腻',,,,'薄,腻'
薄,',腻',,,,'薄,腻'
薄,',腻',,,,'薄,腻'
薄,,,,,薄
薄,,,,,薄
厚,',腻',,,,'厚,腻'
厚,',腻',,,,'厚,腻'
薄,',腻',,,,'薄,腻'
薄,',腻',,,,'薄,腻'
薄,',腻',,,,'薄,腻'
腻,',薄',,,,'腻,薄'
薄,',腻',,,,'薄,腻'
薄,',腻',,,,'薄,腻'
薄,',腻',,,,'薄,腻'
薄,',腻',,,,'薄,腻'
薄,',腻',,,,'薄,腻'
薄,,,,,薄
薄,',腻',,,,'薄,腻'
薄,,,,,薄
薄,',腻',,,,'薄,腻'
薄,',腻',,,,'薄,腻'
薄,',腻',,,,'薄,腻'
薄,',腻',,,,'薄,腻'
厚,,,,,厚
薄,',剥脱',,,,'薄,剥脱'
厚,',腻',,,,'厚,腻'
薄,',腻',,,,'薄,腻'
薄,,,,,薄
薄,,,,,薄
薄,,,,,薄
薄,',腻',,,,'薄,腻'
薄,',腻',,,,'薄,腻'
薄,,,,,薄
薄,,,,,薄
薄,',腻',,,,'薄,腻'
薄,,,,,薄
厚,',腻',,,,'厚,腻'
薄,,,,,薄
薄,,,,,薄
薄,,,,,薄
薄,,,,,薄
薄,,,,,薄
厚,,,,,厚
薄,,,,,薄
薄,,,,,薄
薄,,,,,薄
薄,,,,,薄
薄,,,,,薄
薄,,,,,薄
薄,,,,,薄
薄,,,,,薄
薄,,,,,薄
薄,,,,,薄
薄,,,,,薄
薄,,,,,薄
薄,,,,,薄
薄,,,,,薄
薄,,,,,薄
剥脱,',薄',,,,'剥脱,薄'
薄,,,,,薄
薄,,,,,薄
薄,,,,,薄
薄,,,,,薄
薄,,,,,薄
薄,,,,,薄
薄,,,,,薄
薄,,,,,薄
薄,,,,,薄
薄,,,,,薄
薄,,,,,薄
薄,,,,,薄
薄,,,,,薄
薄,,,,,薄
薄,,,,,薄
薄,,,,,薄
薄,,,,,薄
薄,,,,,薄
薄,,,,,薄
薄,,,,,薄
薄,',剥脱',,,,'薄,剥脱'
薄,',剥脱',,,,'薄,剥脱'
薄,',剥脱',,,,'薄,剥脱'
薄,,,,,薄
薄,',剥脱',,,,'薄,剥脱'
薄,,,,,薄
薄,,,,,薄
薄,,,,,薄
薄,,,,,薄
薄,,,,,薄
薄,,,,,薄
薄,,,,,薄
薄,,,,,薄
薄,,,,,薄
薄,,,,,薄
薄,,,,,薄
薄,,,,,薄
薄,,,,,薄
薄,,,,,薄
薄,',腻',,,,'薄,腻'
薄,,,,,薄
薄,,,,,薄
厚,',腻',,,,'厚,腻'
薄,,,,,薄
薄,,,,,薄
薄,,,,,薄
薄,,,,,薄
薄,,,,,薄
薄,,,,,薄
薄,,,,,薄
薄,,,,,薄
薄,,,,,薄
薄,,,,,薄
薄,,,,,薄
薄,,,,,薄
薄,,,,,薄
薄,,,,,薄
厚,',腻',,,,'厚,腻'
厚,,,,,厚
薄,,,,,薄
厚,,,,,厚
厚,,,,,厚
薄,,,,,薄
薄,,,,,薄
薄,,,,,薄
薄,,,,,薄
薄,,,,,薄
薄,,,,,薄
薄,,,,,薄
薄,,,,,薄
薄,,,,,薄
薄,,,,,薄
薄,,,,,薄
厚,,,,,厚
厚,,,,,厚
厚,,,,,厚
薄,',剥脱',,,,'薄,剥脱'
厚,,,,,厚
厚,,,,,厚
厚,,,,,厚
厚,,,,,厚
厚,,,,,厚
厚,,,,,厚
薄,',剥脱',,,,'薄,剥脱'
薄,',剥脱',,,,'薄,剥脱'
薄,',剥脱',,,,'薄,剥脱'
薄,',剥脱',,,,'薄,剥脱'
厚,,,,,厚
厚,,,,,厚
薄,,,,,薄
厚,,,,,厚
厚,,,,,厚
薄,,,,,薄
厚,,,,,厚
厚,,,,,厚
厚,,,,,厚
厚,,,,,厚
厚,,,,,厚
厚,,,,,厚
薄,',剥脱',,,,'薄,剥脱'
薄,,,,,薄
厚,,,,,厚
薄,',剥脱',,,,'薄,剥脱'
薄,',剥脱',,,,'薄,剥脱'
薄,,,,,薄
厚,,,,,厚
薄,,,,,薄
薄,,,,,薄
薄,,,,,薄
薄,,,,,薄
厚,,,,,厚
薄,,,,,薄
厚,,,,,厚
薄,,,,,薄
厚,,,,,厚
薄,,,,,薄
薄,,,,,薄
薄,,,,,薄
薄,',剥脱',,,,'薄,剥脱'
薄,,,,,薄
薄,',剥脱',,,,'薄,剥脱'
薄,',剥脱',,,,'薄,剥脱'
薄,,,,,薄
薄,,,,,薄
薄,,,,,薄
薄,,,,,薄
薄,,,,,薄
薄,,,,,薄
薄,,,,,薄
薄,,,,,薄
厚,,,,,厚
厚,,,,,厚
厚,,,,,厚
厚,,,,,厚
厚,,,,,厚
厚,,,,,厚
厚,,,,,厚
厚,,,,,厚
厚,,,,,厚
厚,,,,,厚
薄,',腻',,,,'薄,腻'
薄,,,,,薄
薄,,,,,薄
薄,,,,,薄
薄,,,,,薄
薄,,,,,薄
薄,,,,,薄
薄,,,,,薄
薄,,,,,薄
薄,,,,,薄
薄,,,,,薄
薄,,,,,薄
厚,,,,,厚
厚,,,,,厚
厚,,,,,厚
厚,,,,,厚
薄,,,,,薄
薄,',腻',,,,'薄,腻'
厚,',腻',,,,'厚,腻'
厚,',腻',,,,'厚,腻'
薄,',剥脱',,,,'薄,剥脱'
薄,,,,,薄
薄,,,,,薄
薄,,,,,薄
薄,,,,,薄
薄,',剥脱',,,,'薄,剥脱'
薄,,,,,薄
薄,,,,,薄
薄,,,,,薄
薄,,,,,薄
薄,,,,,薄
薄,,,,,薄
薄,,,,,薄
薄,,,,,薄
薄,,,,,薄
剥脱,',薄',,,,'剥脱,薄'
薄,,,,,薄
薄,,,,,薄
薄,,,,,薄
剥脱,',薄',,,,'剥脱,薄'
剥脱,',薄',,,,'剥脱,薄'
薄,',剥脱',,,,'薄,剥脱'
剥脱,',薄',,,,'剥脱,薄'
薄,',剥脱',,,,'薄,剥脱'
薄,,,,,薄
厚,,,,,厚
薄,,,,,薄
薄,,,,,薄
薄,,,,,薄
薄,,,,,薄
薄,,,,,薄
薄,,,,,薄
薄,,,,,薄
薄,,,,,薄
薄,,,,,薄
薄,,,,,薄
薄,,,,,薄
薄,,,,,薄
薄,,,,,薄
薄,,,,,薄
厚,,,,,厚
薄,,,,,薄
薄,,,,,薄
薄,,,,,薄
薄,,,,,薄
薄,,,,,薄
厚,,,,,厚
薄,',剥脱',,,,'薄,剥脱'
厚,,,,,厚
厚,,,,,厚
薄,,,,,薄
薄,,,,,薄
薄,,,,,薄
薄,,,,,薄
薄,,,,,薄
薄,,,,,薄
薄,,,,,薄
薄,,,,,薄
薄,,,,,薄
薄,,,,,薄
薄,,,,,薄
薄,,,,,薄
薄,,,,,薄
薄,,,,,薄
薄,,,,,薄
薄,,,,,薄
厚,,,,,厚
薄,',剥脱',,,,'薄,剥脱'
薄,,,,,薄
厚,',腻',,,,'厚,腻'
厚,',腻',,,,'厚,腻'
厚,',腻',,,,'厚,腻'
厚,',腻',,,,'厚,腻'
薄,,,,,薄
薄,,,,,薄
厚,',腻',,,,'厚,腻'
厚,',腻',,,,'厚,腻'
薄,,,,,薄
薄,,,,,薄
薄,,,,,薄
薄,,,,,薄
薄,,,,,薄
薄,,,,,薄
薄,,,,,薄
薄,,,,,薄
薄,,,,,薄
薄,,,,,薄
薄,,,,,薄
薄,,,,,薄
薄,,,,,薄
薄,,,,,薄
薄,,,,,薄
薄,,,,,薄
薄,,,,,薄
薄,,,,,薄
薄,,,,,薄
薄,,,,,薄
薄,,,,,薄
薄,,,,,薄
薄,,,,,薄
厚,,,,,厚
厚,,,,,厚
薄,,,,,薄
薄,,,,,薄
薄,,,,,薄
薄,,,,,薄
薄,,,,,薄
厚,',腻',,,,'厚,腻'
薄,',腻',,,,'薄,腻'
薄,,,,,薄
薄,,,,,薄
薄,,,,,薄
薄,,,,,薄
薄,,,,,薄
薄,,,,,薄
薄,,,,,薄
薄,,,,,薄
薄,,,,,薄
薄,,,,,薄
薄,,,,,薄
薄,,,,,薄
薄,,,,,薄
薄,,,,,薄
薄,,,,,薄
厚,,,,,厚
厚,,,,,厚
厚,',腻',,,,'厚,腻'
厚,',腻',,,,'厚,腻'
薄,,,,,薄
薄,,,,,薄
薄,,,,,薄
薄,,,,,薄
薄,,,,,薄
薄,,,,,薄
薄,,,,,薄
剥脱,',薄',,,,'剥脱,薄'
薄,,,,,薄
薄,,,,,薄
薄,,,,,薄
薄,',剥脱',,,,'薄,剥脱'
薄,,,,,薄
薄,,,,,薄
薄,,,,,薄
薄,,,,,薄
薄,,,,,薄
薄,,,,,薄
薄,,,,,薄
薄,,,,,薄
薄,,,,,薄
薄,,,,,薄
薄,,,,,薄
厚,',腻',,,,'厚,腻'
薄,,,,,薄
薄,,,,,薄
剥脱,',薄',,,,'剥脱,薄'
薄,,,,,薄
薄,,,,,薄
薄,,,,,薄
厚,',腻',,,,'厚,腻'
薄,,,,,薄
薄,,,,,薄
薄,,,,,薄
薄,,,,,薄
薄,,,,,薄
薄,,,,,薄
薄,,,,,薄
薄,,,,,薄
薄,,,,,薄
薄,,,,,薄
薄,,,,,薄
厚,,,,,厚
厚,,,,,厚
薄,,,,,薄
薄,,,,,薄
薄,,,,,薄
薄,,,,,薄
薄,,,,,薄
厚,,,,,厚
厚,,,,,厚
薄,',剥脱',,,,'薄,剥脱'
薄,,,,,薄
薄,,,,,薄
薄,,,,,薄
薄,,,,,薄
薄,,,,,薄
薄,,,,,薄
薄,,,,,薄
薄,,,,,薄
薄,,,,,薄
薄,,,,,薄
厚,,,,,厚
厚,,,,,厚
厚,,,,,厚
薄,,,,,薄
厚,',腻',,,,'厚,腻'
薄,,,,,薄
薄,,,,,薄
薄,,,,,薄
薄,',剥脱',,,,'薄,剥脱'
薄,',剥脱',,,,'薄,剥脱'
薄,',剥脱',,,,'薄,剥脱'
薄,,,,,薄
薄,',剥脱',,,,'薄,剥脱'
薄,',剥脱',,,,'薄,剥脱'
薄,,,,,薄
薄,,,,,薄
薄,,,,,薄
薄,,,,,薄
薄,,,,,薄
腻,',厚',,,,'腻,厚'
薄,,,,,薄
厚,',腻',,,,'厚,腻'
厚,',腻',,,,'厚,腻'
厚,',腻',,,,'厚,腻'
厚,',腻',,,,'厚,腻'
厚,',腻',,,,'厚,腻'
厚,',腻',,,,'厚,腻'
厚,',腻',,,,'厚,腻'
薄,,,,,薄
厚,,,,,厚
厚,,,,,厚
厚,,,,,厚
薄,,,,,薄
薄,',腻',,,,'薄,腻'
厚,',腻',,,,'厚,腻'
薄,',腻',,,,'薄,腻'
薄,',剥脱',,,,'薄,剥脱'
薄,,,,,薄
薄,,,,,薄
薄,,,,,薄
薄,,,,,薄
薄,,,,,薄
薄,',腻',,,,'薄,腻'
薄,',腻',,,,'薄,腻'
厚,,,,,厚
薄,,,,,薄
厚,,,,,厚
厚,,,,,厚
薄,,,,,薄
厚,,,,,厚
薄,,,,,薄
薄,,,,,薄
薄,,,,,薄
薄,,,,,薄
薄,,,,,薄
薄,,,,,薄
薄,,,,,薄
薄,,,,,薄
薄,,,,,薄
薄,,,,,薄
薄,,,,,薄
薄,,,,,薄
薄,,,,,薄
薄,',腻',,,,'薄,腻'
薄,',剥脱',,,,'薄,剥脱'
薄,',剥脱',,,,'薄,剥脱'
薄,',剥脱',,,,'薄,剥脱'
薄,,,,,薄
薄,,,,,薄
薄,,,,,薄
薄,,,,,薄
薄,,,,,薄
薄,,,,,薄
薄,,,,,薄
薄,,,,,薄
薄,,,,,薄
薄,,,,,薄
薄,,,,,薄
薄,,,,,薄
薄,',腻',,,,'薄,腻'
薄,',腻',,,,'薄,腻'
薄,',腻',,,,'薄,腻'
薄,',腻',,,,'薄,腻'
厚,',腻',,,,'厚,腻'
薄,,,,,薄
厚,',腻',,,,'厚,腻'
薄,',腻',,,,'薄,腻'
厚,',腻',,,,'厚,腻'
薄,,,,,薄
薄,,,,,薄
薄,,,,,薄
薄,,,,,薄
薄,,,,,薄
薄,,,,,薄
薄,,,,,薄
薄,',剥脱',,,,'薄,剥脱'
薄,',剥脱',,,,'薄,剥脱'
薄,,,,,薄
厚,',腻',,,,'厚,腻'
薄,',腻',,,,'薄,腻'
厚,',腻',,,,'厚,腻'
厚,',腻',,,,'厚,腻'
薄,,,,,薄
薄,,,,,薄
薄,,,,,薄
薄,,,,,薄
薄,,,,,薄
薄,,,,,薄
薄,,,,,薄
薄,,,,,薄
薄,,,,,薄
薄,,,,,薄
薄,,,,,薄
薄,,,,,薄
薄,,,,,薄
薄,,,,,薄
薄,,,,,薄
薄,,,,,薄
薄,,,,,薄
薄,',剥脱',,,,'薄,剥脱'
腻,',厚',,,,'腻,厚'
薄,,,,,薄
薄,,,,,薄
薄,,,,,薄
薄,,,,,薄
薄,,,,,薄
薄,,,,,薄
薄,,,,,薄
薄,,,,,薄
薄,,,,,薄
薄,,,,,薄
薄,,,,,薄
薄,,,,,薄
薄,,,,,薄
薄,,,,,薄
薄,,,,,薄
薄,,,,,薄
薄,,,,,薄
薄,,,,,薄
厚,',腻',,,,'厚,腻'
薄,,,,,薄
薄,,,,,薄
薄,,,,,薄
薄,,,,,薄
薄,,,,,薄
薄,,,,,薄
薄,,,,,薄
薄,,,,,薄
薄,,,,,薄
薄,,,,,薄
薄,,,,,薄
薄,,,,,薄
薄,,,,,薄
薄,,,,,薄
薄,,,,,薄
薄,,,,,薄
薄,,,,,薄
厚,',腻',,,,'厚,腻'
薄,,,,,薄
薄,,,,,薄
薄,,,,,薄
薄,,,,,薄
薄,,,,,薄
薄,,,,,薄
薄,,,,,薄
薄,,,,,薄
薄,,,,,薄
薄,,,,,薄
薄,,,,,薄
薄,,,,,薄
薄,,,,,薄
薄,,,,,薄
薄,,,,,薄
薄,,,,,薄
薄,',腻',,,,'薄,腻'
薄,,,,,薄
薄,',腻',,,,'薄,腻'
薄,',腻',,,,'薄,腻'
薄,,,,,薄
薄,,,,,薄
薄,,,,,薄
薄,,,,,薄
厚,,,,,厚
薄,,,,,薄
薄,',腻',,,,'薄,腻'
薄,,,,,薄
薄,,,,,薄
薄,,,,,薄
薄,,,,,薄
薄,,,,,薄
薄,,,,,薄
薄,,,,,薄
薄,,,,,薄
薄,,,,,薄
薄,,,,,薄
薄,,,,,薄
薄,,,,,薄
薄,,,,,薄
薄,,,,,薄
薄,',腻',,,,'薄,腻'
薄,',腻',,,,'薄,腻'
薄,',腻',,,,'薄,腻'
薄,',腻',,,,'薄,腻'
薄,',腻',,,,'薄,腻'
薄,',腻',,,,'薄,腻'
薄,',腻',,,,'薄,腻'
薄,',腻',,,,'薄,腻'
薄,',腻',,,,'薄,腻'
薄,,,,,薄
薄,,,,,薄
薄,',腻',,,,'薄,腻'
薄,,,,,薄
薄,,,,,薄
薄,,,,,薄
薄,,,,,薄
薄,,,,,薄
薄,,,,,薄
薄,,,,,薄
薄,,,,,薄
厚,',腻',,,,'厚,腻'
厚,',腻',,,,'厚,腻'
薄,,,,,薄
厚,',腻',,,,'厚,腻'
薄,,,,,薄
薄,,,,,薄
薄,,,,,薄
薄,,,,,薄
薄,,,,,薄
薄,,,,,薄
薄,,,,,薄
薄,,,,,薄
薄,,,,,薄
薄,,,,,薄
薄,,,,,薄
薄,,,,,薄
薄,,,,,薄
薄,,,,,薄
薄,,,,,薄
薄,,,,,薄
薄,,,,,薄
薄,,,,,薄
薄,,,,,薄
薄,,,,,薄
薄,,,,,薄
薄,,,,,薄
薄,,,,,薄
薄,',腻',,,,'薄,腻'
厚,,,,,厚
薄,,,,,薄
厚,,,,,厚
厚,,,,,厚
,,,,,
薄,,,,,薄
薄,,,,,薄
薄,,,,,薄
薄,,,,,薄
薄,,,,,薄
薄,,,,,薄
薄,,,,,薄
薄,,,,,薄
薄,,,,,薄
薄,,,,,薄
薄,,,,,薄
薄,,,,,薄
薄,,,,,薄
薄,,,,,薄
薄,',剥脱',,,,'薄,剥脱'
薄,,,,,薄
厚,,,,,厚
厚,,,,,厚
厚,,,,,厚
厚,,,,,厚
薄,,,,,薄
薄,,,,,薄
薄,,,,,薄
薄,,,,,薄
薄,,,,,薄
薄,,,,,薄
薄,,,,,薄
薄,,,,,薄
薄,,,,,薄
薄,,,,,薄
薄,,,,,薄
薄,',腻',,,,'薄,腻'
薄,,,,,薄
厚,,,,,厚
厚,,,,,厚
厚,,,,,厚
厚,,,,,厚
厚,,,,,厚
厚,,,,,厚
厚,,,,,厚
厚,,,,,厚
薄,',腻',,,,'薄,腻'
薄,,,,,薄
薄,,,,,薄
薄,,,,,薄
薄,,,,,薄
薄,',腻',,,,'薄,腻'
薄,',腻',,,,'薄,腻'
薄,',腻',,,,'薄,腻'
薄,',腻',,,,'薄,腻'
薄,',腻',,,,'薄,腻'
剥脱,',薄',,,,'剥脱,薄'
薄,,,,,薄
薄,,,,,薄
厚,,,,,厚
厚,,,,,厚
厚,,,,,厚
厚,,,,,厚
薄,,,,,薄
厚,,,,,厚
薄,,,,,薄
薄,,,,,薄
厚,',腻',,,,'厚,腻'
厚,,,,,厚
薄,,,,,薄
厚,,,,,厚
厚,,,,,厚
厚,,,,,厚
厚,,,,,厚
厚,,,,,厚
厚,,,,,厚
厚,,,,,厚
厚,,,,,厚
薄,,,,,薄
薄,',腻',,,,'薄,腻'
薄,',腻',,,,'薄,腻'
薄,,,,,薄
厚,',腻',,,,'厚,腻'
薄,,,,,薄
薄,,,,,薄
薄,,,,,薄
薄,,,,,薄
厚,,,,,厚
厚,',腻',,,,'厚,腻'
薄,,,,,薄
薄,,,,,薄
薄,,,,,薄
薄,,,,,薄
薄,,,,,薄
薄,,,,,薄
薄,,,,,薄
薄,,,,,薄
厚,',腻',,,,'厚,腻'
厚,',腻',,,,'厚,腻'
薄,,,,,薄
薄,,,,,薄
薄,,,,,薄
厚,,,,,厚
薄,,,,,薄
薄,,,,,薄
薄,,,,,薄
厚,',腻',,,,'厚,腻'
厚,',腻',,,,'厚,腻'
薄,,,,,薄
薄,,,,,薄
厚,,,,,厚
厚,,,,,厚
薄,,,,,薄
薄,,,,,薄
薄,',腻',,,,'薄,腻'
厚,',腻',,,,'厚,腻'
薄,',腻',,,,'薄,腻'
薄,,,,,薄
薄,',腻',,,,'薄,腻'
薄,,,,,薄
薄,,,,,薄
薄,,,,,薄
薄,',腻',,,,'薄,腻'
薄,',腻',,,,'薄,腻'
薄,',腻',,,,'薄,腻'
薄,,,,,薄
薄,,,,,薄
薄,,,,,薄
薄,',腻',,,,'薄,腻'
薄,',剥脱',,,,'薄,剥脱'
薄,',剥脱',,,,'薄,剥脱'
薄,',剥脱',,,,'薄,剥脱'
剥脱,',薄',,,,'剥脱,薄'
剥脱,',薄',,,,'剥脱,薄'
薄,',剥脱',,,,'薄,剥脱'
薄,',剥脱',,,,'薄,剥脱'
薄,,,,,薄
薄,',腻',,,,'薄,腻'
薄,,,,,薄
薄,,,,,薄
薄,,,,,薄
薄,',腻',,,,'薄,腻'
薄,',腻',,,,'薄,腻'
薄,,,,,薄
薄,,,,,薄
薄,,,,,薄
薄,,,,,薄
薄,,,,,薄
薄,,,,,薄
薄,,,,,薄
薄,,,,,薄
薄,,,,,薄
薄,,,,,薄
薄,,,,,薄
薄,',腻',,,,'薄,腻'
薄,,,,,薄
薄,,,,,薄
薄,,,,,薄
薄,,,,,薄
薄,',腻',,,,'薄,腻'
薄,',腻',,,,'薄,腻'
薄,,,,,薄
薄,,,,,薄
厚,,,,,厚
薄,,,,,薄
薄,,,,,薄
薄,,,,,薄
薄,,,,,薄
薄,',腻',,,,'薄,腻'
薄,,,,,薄
薄,,,,,薄
薄,,,,,薄
薄,,,,,薄
薄,,,,,薄
薄,,,,,薄
薄,,,,,薄
薄,',腻',,,,'薄,腻'
薄,',腻',,,,'薄,腻'
薄,',腻',,,,'薄,腻'
薄,',腻',,,,'薄,腻'
薄,',腻',,,,'薄,腻'
薄,,,,,薄
薄,,,,,薄
薄,,,,,薄
薄,,,,,薄
薄,',腻',,,,'薄,腻'
薄,',腻',,,,'薄,腻'
薄,,,,,薄
薄,,,,,薄
薄,,,,,薄
薄,,,,,薄
薄,,,,,薄
薄,,,,,薄
薄,,,,,薄
薄,,,,,薄
薄,,,,,薄
薄,,,,,薄
薄,,,,,薄
腻,',薄',,,,'腻,薄'
厚,,,,,厚
薄,,,,,薄
薄,,,,,薄
薄,,,,,薄
薄,,,,,薄
薄,,,,,薄
薄,,,,,薄
薄,,,,,薄
薄,,,,,薄
薄,,,,,薄
薄,,,,,薄
薄,',腻',,,,'薄,腻'
厚,',腻',,,,'厚,腻'
薄,,,,,薄
厚,',腻',,,,'厚,腻'
厚,',腻',,,,'厚,腻'
厚,',腻',,,,'厚,腻'
厚,',腻',,,,'厚,腻'
厚,,,,,厚
薄,,,,,薄
薄,,,,,薄
薄,,,,,薄
薄,,,,,薄
薄,,,,,薄
薄,,,,,薄
薄,,,,,薄
薄,,,,,薄
薄,,,,,薄
薄,,,,,薄
薄,,,,,薄
薄,,,,,薄
薄,,,,,薄
薄,,,,,薄
薄,,,,,薄
薄,,,,,薄
薄,,,,,薄
薄,,,,,薄
薄,,,,,薄
薄,,,,,薄
薄,,,,,薄
薄,,,,,薄
薄,,,,,薄
薄,,,,,薄
薄,,,,,薄
薄,,,,,薄
薄,,,,,薄
薄,,,,,薄
薄,,,,,薄
薄,,,,,薄
薄,,,,,薄
薄,,,,,薄
薄,,,,,薄
薄,,,,,薄
薄,,,,,薄
薄,,,,,薄
薄,,,,,薄
薄,,,,,薄
薄,,,,,薄
薄,,,,,薄
薄,,,,,薄
薄,,,,,薄
薄,,,,,薄
薄,,,,,薄
薄,,,,,薄
薄,,,,,薄
薄,,,,,薄
薄,,,,,薄
薄,,,,,薄
薄,,,,,薄
薄,,,,,薄
薄,,,,,薄
厚,',腻',,,,'厚,腻'
薄,,,,,薄
厚,',腻',,,,'厚,腻'
薄,,,,,薄
薄,,,,,薄
薄,,,,,薄
薄,,,,,薄
薄,,,,,薄
薄,,,,,薄
薄,,,,,薄
薄,,,,,薄
薄,,,,,薄
厚,',腻',,,,'厚,腻'
厚,',腻',,,,'厚,腻'
薄,,,,,薄
薄,',剥脱',,,,'薄,剥脱'
薄,,,,,薄
薄,,,,,薄
厚,,,,,厚
厚,,,,,厚
薄,,,,,薄
厚,,,,,厚
厚,,,,,厚
厚,,,,,厚
厚,,,,,厚
厚,,,,,厚
厚,,,,,厚
薄,,,,,薄
薄,,,,,薄
薄,,,,,薄
薄,,,,,薄
薄,,,,,薄
薄,,,,,薄
薄,,,,,薄
薄,,,,,薄
薄,,,,,薄
厚,,,,,厚
薄,,,,,薄
厚,,,,,厚
厚,,,,,厚
厚,,,,,厚
厚,,,,,厚
厚,,,,,厚
厚,,,,,厚
薄,,,,,薄
薄,,,,,薄
薄,',腻',,,,'薄,腻'
薄,',腻',,,,'薄,腻'
薄,',腻',,,,'薄,腻'
薄,',腻',,,,'薄,腻'
薄,',腻',,,,'薄,腻'
薄,',腻',,,,'薄,腻'
薄,',腻',,,,'薄,腻'
薄,,,,,薄
厚,,,,,厚
厚,',腻',,,,'厚,腻'
厚,,,,,厚
厚,,,,,厚
厚,,,,,厚
厚,,,,,厚
薄,,,,,薄
薄,,,,,薄
薄,',腻',,,,'薄,腻'
薄,,,,,薄
薄,,,,,薄
薄,,,,,薄
薄,,,,,薄
薄,,,,,薄
薄,',剥脱',,,,'薄,剥脱'
薄,',剥脱',,,,'薄,剥脱'
薄,',腻',,,,'薄,腻'
薄,',腻',,,,'薄,腻'
薄,,,,,薄
薄,,,,,薄
薄,,,,,薄
薄,,,,,薄
薄,,,,,薄
薄,,,,,薄
薄,,,,,薄
薄,,,,,薄
薄,,,,,薄
薄,,,,,薄
薄,,,,,薄
薄,,,,,薄
薄,,,,,薄
薄,,,,,薄
薄,,,,,薄
薄,,,,,薄
薄,,,,,薄
薄,,,,,薄
薄,,,,,薄
薄,,,,,薄
薄,,,,,薄
薄,,,,,薄
薄,,,,,薄
薄,,,,,薄
薄,,,,,薄
薄,,,,,薄
薄,,,,,薄
薄,,,,,薄
薄,,,,,薄
薄,,,,,薄
薄,,,,,薄
薄,,,,,薄
薄,,,,,薄
薄,,,,,薄
薄,,,,,薄
薄,,,,,薄
薄,,,,,薄
腻,',薄',,,,'腻,薄'
厚,,,,,厚
薄,,,,,薄
薄,,,,,薄
薄,,,,,薄
薄,,,,,薄
薄,,,,,薄
厚,,,,,厚
薄,,,,,薄
薄,,,,,薄
薄,,,,,薄
厚,',腻',,,,'厚,腻'
薄,',腻',,,,'薄,腻'
腻,',薄',,,,'腻,薄'
薄,',腻',,,,'薄,腻'
薄,',腻',,,,'薄,腻'
薄,',腻',,,,'薄,腻'
薄,,,,,薄
厚,',腻',,,,'厚,腻'
薄,,,,,薄
薄,,,,,薄
薄,,,,,薄
薄,,,,,薄
薄,,,,,薄
薄,,,,,薄
薄,,,,,薄
薄,,,,,薄
厚,,,,,厚
薄,,,,,薄
薄,,,,,薄
薄,,,,,薄
薄,,,,,薄
厚,',腻',,,,'厚,腻'
厚,',腻',,,,'厚,腻'
薄,,,,,薄
薄,,,,,薄
薄,,,,,薄
薄,,,,,薄
薄,,,,,薄
薄,,,,,薄
薄,,,,,薄
薄,,,,,薄
薄,,,,,薄
薄,,,,,薄
薄,,,,,薄
薄,,,,,薄
薄,,,,,薄
薄,,,,,薄
薄,,,,,薄
薄,,,,,薄
薄,,,,,薄
薄,,,,,薄
薄,,,,,薄
薄,,,,,薄
薄,,,,,薄
薄,,,,,薄
薄,,,,,薄
薄,,,,,薄
薄,',剥脱',,,,'薄,剥脱'
薄,,,,,薄
薄,,,,,薄
薄,,,,,薄
薄,,,,,薄
薄,,,,,薄
薄,,,,,薄
薄,',腻',,,,'薄,腻'
薄,,,,,薄
薄,,,,,薄
薄,,,,,薄
薄,,,,,薄
薄,,,,,薄
薄,,,,,薄
薄,,,,,薄
薄,',腻',,,,'薄,腻'
薄,,,,,薄
薄,',腻',,,,'薄,腻'
薄,,,,,薄
薄,,,,,薄
薄,,,,,薄
薄,,,,,薄
薄,,,,,薄
薄,,,,,薄
薄,,,,,薄
薄,,,,,薄
薄,,,,,薄
薄,,,,,薄
薄,,,,,薄
薄,,,,,薄
厚,',腻',,,,'厚,腻'
薄,,,,,薄
薄,,,,,薄
薄,,,,,薄
薄,,,,,薄
薄,,,,,薄
薄,,,,,薄
薄,,,,,薄
薄,',腻',,,,'薄,腻'
薄,,,,,薄
厚,',腻',,,,'厚,腻'
薄,,,,,薄
薄,,,,,薄
厚,',腻',,,,'厚,腻'
厚,',腻',,,,'厚,腻'
薄,,,,,薄
厚,',腻',,,,'厚,腻'
薄,,,,,薄
薄,',剥脱',,,,'薄,剥脱'
薄,,,,,薄
薄,,,,,薄
薄,,,,,薄
厚,,,,,厚
厚,,,,,厚
薄,,,,,薄
薄,,,,,薄
薄,,,,,薄
薄,,,,,薄
薄,',剥脱',,,,'薄,剥脱'
薄,,,,,薄
薄,,,,,薄
薄,',腻',,,,'薄,腻'
薄,,,,,薄
薄,,,,,薄
薄,,,,,薄
薄,,,,,薄
薄,',腻',,,,'薄,腻'
薄,,,,,薄
薄,,,,,薄
薄,,,,,薄
薄,,,,,薄
薄,,,,,薄
厚,,,,,厚
薄,,,,,薄
薄,,,,,薄
厚,',腻',,,,'厚,腻'
厚,',腻',,,,'厚,腻'
薄,,,,,薄
薄,,,,,薄
薄,',腻',,,,'薄,腻'
薄,',剥脱',,,,'薄,剥脱'
薄,,,,,薄
薄,,,,,薄
薄,,,,,薄
薄,,,,,薄
薄,,,,,薄
薄,,,,,薄
厚,',腻',,,,'厚,腻'
薄,,,,,薄
薄,,,,,薄
厚,',腻',,,,'厚,腻'
薄,,,,,薄
厚,',腻',,,,'厚,腻'
厚,',腻',,,,'厚,腻'
薄,,,,,薄
厚,',腻',,,,'厚,腻'
薄,,,,,薄
薄,',剥脱',,,,'薄,剥脱'
厚,,,,,厚
薄,,,,,薄
薄,,,,,薄
薄,,,,,薄
薄,,,,,薄
薄,,,,,薄
薄,,,,,薄
薄,,,,,薄
薄,,,,,薄
薄,,,,,薄
薄,,,,,薄
薄,,,,,薄
薄,,,,,薄
薄,,,,,薄
薄,,,,,薄
薄,,,,,薄
薄,,,,,薄
厚,,,,,厚
薄,,,,,薄
薄,',腻',,,,'薄,腻'
薄,',腻',,,,'薄,腻'
薄,,,,,薄
薄,,,,,薄
薄,,,,,薄
薄,,,,,薄
薄,,,,,薄
薄,,,,,薄
薄,,,,,薄
薄,,,,,薄
薄,,,,,薄
薄,,,,,薄
薄,,,,,薄
薄,,,,,薄
薄,,,,,薄
薄,,,,,薄
薄,',剥脱',,,,'薄,剥脱'
薄,,,,,薄
薄,,,,,薄
薄,,,,,薄
薄,,,,,薄
薄,,,,,薄
薄,,,,,薄
薄,,,,,薄
薄,,,,,薄
薄,,,,,薄
薄,,,,,薄
薄,,,,,薄
薄,,,,,薄
薄,,,,,薄
薄,,,,,薄
薄,,,,,薄
薄,',剥脱',,,,'薄,剥脱'
薄,,,,,薄
薄,,,,,薄
厚,,,,,厚
薄,',腻',,,,'薄,腻'
薄,',腻',,,,'薄,腻'
薄,,,,,薄
薄,,,,,薄
厚,',腻',,,,'厚,腻'
薄,,,,,薄
薄,,,,,薄
薄,,,,,薄
薄,,,,,薄
薄,,,,,薄
薄,,,,,薄
薄,,,,,薄
薄,,,,,薄
薄,,,,,薄
薄,,,,,薄
薄,,,,,薄
薄,',剥脱',,,,'薄,剥脱'
薄,,,,,薄
薄,',剥脱',,,,'薄,剥脱'
薄,,,,,薄
薄,,,,,薄
薄,,,,,薄
薄,,,,,薄
薄,,,,,薄
薄,,,,,薄
薄,,,,,薄
薄,,,,,薄
薄,,,,,薄
薄,,,,,薄
厚,,,,,厚
厚,',腻',,,,'厚,腻'
薄,,,,,薄
薄,',腻',,,,'薄,腻'
薄,,,,,薄
薄,,,,,薄
薄,,,,,薄
厚,',腻',,,,'厚,腻'
薄,,,,,薄
薄,,,,,薄
薄,,,,,薄
薄,,,,,薄
薄,,,,,薄
薄,,,,,薄
薄,,,,,薄
薄,,,,,薄
厚,',腻',,,,'厚,腻'
薄,,,,,薄
薄,,,,,薄
薄,,,,,薄
薄,,,,,薄
薄,,,,,薄
薄,,,,,薄
薄,,,,,薄
薄,,,,,薄
薄,',腻',,,,'薄,腻'
薄,,,,,薄
薄,,,,,薄
薄,',腻',,,,'薄,腻'
薄,,,,,薄
薄,,,,,薄
厚,,,,,厚
薄,,,,,薄
薄,,,,,薄
薄,,,,,薄
厚,,,,,厚
薄,,,,,薄
薄,,,,,薄
薄,,,,,薄
薄,,,,,薄
薄,,,,,薄
厚,',腻',,,,'厚,腻'
薄,,,,,薄
薄,,,,,薄
薄,,,,,薄
薄,,,,,薄
薄,,,,,薄
薄,,,,,薄
薄,,,,,薄
薄,,,,,薄
薄,,,,,薄
薄,,,,,薄
薄,,,,,薄
薄,,,,,薄
薄,,,,,薄
薄,',剥脱',,,,'薄,剥脱'
厚,',腻',,,,'厚,腻'
厚,',腻',,,,'厚,腻'
薄,,,,,薄
厚,',腻',,,,'厚,腻'
薄,,,,,薄
薄,,,,,薄
薄,,,,,薄
薄,,,,,薄
薄,,,,,薄
薄,,,,,薄
薄,,,,,薄
薄,,,,,薄
薄,,,,,薄
薄,,,,,薄
薄,',剥脱',,,,'薄,剥脱'
薄,,,,,薄
薄,,,,,薄
薄,,,,,薄
薄,,,,,薄
薄,,,,,薄
薄,,,,,薄
薄,,,,,薄
薄,,,,,薄
薄,',剥脱',,,,'薄,剥脱'
薄,',剥脱',,,,'薄,剥脱'
薄,,,,,薄
薄,,,,,薄
薄,,,,,薄
薄,,,,,薄
薄,,,,,薄
薄,,,,,薄
薄,,,,,薄
薄,,,,,薄
薄,,,,,薄
薄,,,,,薄
薄,,,,,薄
薄,,,,,薄
薄,,,,,薄
薄,,,,,薄
薄,,,,,薄
薄,,,,,薄
薄,,,,,薄
薄,,,,,薄
薄,,,,,薄
薄,,,,,薄
薄,,,,,薄
薄,,,,,薄
厚,',腻',,,,'厚,腻'
薄,,,,,薄
薄,,,,,薄
薄,,,,,薄
薄,,,,,薄
薄,',腻',,,,'薄,腻'
薄,,,,,薄
薄,,,,,薄
薄,,,,,薄
薄,,,,,薄
薄,,,,,薄
薄,,,,,薄
薄,,,,,薄
薄,,,,,薄
厚,,,,,厚
薄,,,,,薄
薄,,,,,薄
薄,',剥脱',,,,'薄,剥脱'
薄,,,,,薄
薄,,,,,薄
薄,,,,,薄
薄,,,,,薄
薄,,,,,薄
薄,,,,,薄
薄,,,,,薄
厚,,,,,厚
薄,,,,,薄
薄,,,,,薄
薄,',腻',,,,'薄,腻'
厚,,,,,厚
薄,,,,,薄
厚,',腻',,,,'厚,腻'
薄,,,,,薄
薄,,,,,薄
薄,,,,,薄
薄,',剥脱',,,,'薄,剥脱'
薄,',腻',,,,'薄,腻'
薄,,,,,薄
薄,,,,,薄
薄,,,,,薄
薄,,,,,薄
厚,,,,,厚
厚,,,,,厚
薄,,,,,薄
薄,',滑',,,,'薄,滑'
腻,',薄',,,,'腻,薄'
薄,',剥脱',,,,'薄,剥脱'
薄,,,,,薄
薄,',剥脱',,,,'薄,剥脱'
薄,',剥脱',,,,'薄,剥脱'
薄,',剥脱',,,,'薄,剥脱'
薄,',剥脱',,,,'薄,剥脱'
薄,',剥脱',,,,'薄,剥脱'
薄,,,,,薄
薄,,,,,薄
薄,,,,,薄
薄,,,,,薄
厚,',腻',,,,'厚,腻'
薄,,,,,薄
薄,,,,,薄
薄,,,,,薄
薄,,,,,薄
薄,,,,,薄
薄,,,,,薄
薄,',腻',,,,'薄,腻'
薄,',腻',,,,'薄,腻'
薄,',腻',,,,'薄,腻'
薄,,,,,薄
薄,,,,,薄
厚,',腻',,,,'厚,腻'
薄,,,,,薄
薄,,,,,薄
薄,,,,,薄
薄,,,,,薄
薄,,,,,薄
薄,',腻',,,,'薄,腻'
厚,',腻',,,,'厚,腻'
薄,',腻',剥脱,,,'薄,腻剥脱'
薄,',腻',剥脱,,,'薄,腻剥脱'
薄,,,,,薄
薄,,,,,薄
薄,,,,,薄
薄,,,,,薄
薄,,,,,薄
薄,,,,,薄
薄,,,,,薄
薄,',剥脱',,,,'薄,剥脱'
薄,,,,,薄
薄,,,,,薄
厚,',腻',,,,'厚,腻'
薄,,,,,薄
薄,',剥脱',,,,'薄,剥脱'
薄,',剥脱',,,,'薄,剥脱'
薄,,,,,薄
薄,,,,,薄
薄,,,,,薄
薄,,,,,薄
薄,,,,,薄
厚,',腻',,,,'厚,腻'
薄,,,,,薄
薄,,,,,薄
薄,,,,,薄
薄,',剥脱',,,,'薄,剥脱'
薄,,,,,薄
薄,,,,,薄
厚,,,,,厚
薄,,,,,薄
薄,,,,,薄
薄,',剥脱',,,,'薄,剥脱'
薄,',剥脱',,,,'薄,剥脱'
薄,,,,,薄
薄,,,,,薄
薄,,,,,薄
薄,,,,,薄
薄,,,,,薄
厚,',腻',,,,'厚,腻'
薄,,,,,薄
薄,,,,,薄
薄,,,,,薄
薄,,,,,薄
薄,,,,,薄
薄,,,,,薄
薄,,,,,薄
薄,,,,,薄
薄,,,,,薄
薄,,,,,薄
薄,,,,,薄
薄,,,,,薄
薄,,,,,薄
薄,,,,,薄
薄,,,,,薄
薄,',剥脱',,,,'薄,剥脱'
薄,,,,,薄
薄,,,,,薄
薄,,,,,薄
薄,,,,,薄
薄,,,,,薄
薄,',剥脱',,,,'薄,剥脱'
薄,,,,,薄
薄,,,,,薄
薄,,,,,薄
厚,,,,,厚
薄,,,,,薄
薄,,,,,薄
薄,,,,,薄
薄,,,,,薄
薄,',剥脱',,,,'薄,剥脱'
薄,,,,,薄
薄,,,,,薄
厚,',腻',,,,'厚,腻'
薄,,,,,薄
薄,,,,,薄
薄,,,,,薄
薄,,,,,薄
厚,',腻',,,,'厚,腻'
薄,,,,,薄
裂纹,',厚',',腻',,,'裂纹,厚,腻'
薄,,,,,薄
薄,,,,,薄
薄,,,,,薄
薄,,,,,薄
薄,,,,,薄
薄,,,,,薄
薄,,,,,薄
薄,,,,,薄
薄,,,,,薄
薄,,,,,薄
薄,,,,,薄
薄,,,,,薄
薄,,,,,薄
薄,,,,,薄
薄,,,,,薄
薄,,,,,薄
薄,',腻',,,,'薄,腻'
薄,,,,,薄
薄,,,,,薄
薄,,,,,薄
薄,,,,,薄
薄,,,,,薄
薄,,,,,薄
薄,,,,,薄
薄,,,,,薄
薄,,,,,薄
薄,,,,,薄
薄,',腻',,,,'薄,腻'
薄,,,,,薄
薄,,,,,薄
薄,,,,,薄
薄,,,,,薄
薄,,,,,薄
薄,,,,,薄
薄,',剥脱',,,,'薄,剥脱'
薄,',剥脱',,,,'薄,剥脱'
薄,,,,,薄
薄,,,,,薄
薄,,,,,薄
薄,,,,,薄
薄,,,,,薄
薄,',腻',,,,'薄,腻'
薄,,,,,薄
薄,,,,,薄
薄,,,,,薄
薄,,,,,薄
薄,,,,,薄
薄,,,,,薄
薄,,,,,薄
薄,,,,,薄
薄,,,,,薄
薄,,,,,薄
薄,,,,,薄
薄,,,,,薄
厚,',腻',,,,'厚,腻'
厚,',腻',,,,'厚,腻'
薄,',腻',,,,'薄,腻'
薄,,,,,薄
薄,,,,,薄
薄,,,,,薄
厚,,,,,厚
薄,,,,,薄
薄,,,,,薄
薄,,,,,薄
薄,,,,,薄
薄,',腻',,,,'薄,腻'
薄,',腻',,,,'薄,腻'
薄,',腻',,,,'薄,腻'
厚,,,,,厚
薄,,,,,薄
薄,,,,,薄
厚,',腻',,,,'厚,腻'
薄,,,,,薄
薄,,,,,薄
厚,',腻',,,,'厚,腻'
薄,,,,,薄
薄,,,,,薄
薄,,,,,薄
薄,,,,,薄
薄,,,,,薄
薄,,,,,薄
薄,,,,,薄
薄,',剥脱',,,,'薄,剥脱'
薄,,,,,薄
薄,,,,,薄
薄,,,,,薄
薄,,,,,薄
薄,,,,,薄
薄,,,,,薄
薄,',腻',,,,'薄,腻'
薄,,,,,薄
薄,,,,,薄
薄,,,,,薄
薄,,,,,薄
薄,,,,,薄
薄,,,,,薄
厚,,,,,厚
薄,,,,,薄
薄,,,,,薄
薄,,,,,薄
薄,,,,,薄
薄,,,,,薄
薄,,,,,薄
薄,,,,,薄
薄,,,,,薄
厚,,,,,厚
薄,,,,,薄
薄,',腻',,,,'薄,腻'
薄,,,,,薄
厚,,,,,厚
厚,,,,,厚
薄,,,,,薄
厚,,,,,厚
薄,,,,,薄
厚,,,,,厚
薄,,,,,薄
厚,,,,,厚
厚,,,,,厚
厚,,,,,厚
厚,,,,,厚
薄,,,,,薄
厚,,,,,厚
厚,',腻',,,,'厚,腻'
厚,',腻',,,,'厚,腻'
厚,',腻',,,,'厚,腻'
厚,',腻',,,,'厚,腻'
厚,',腻',,,,'厚,腻'
厚,,,,,厚
厚,',腻',,,,'厚,腻'
厚,,,,,厚
薄,,,,,薄
薄,',腻',,,,'薄,腻'
薄,,,,,薄
薄,',腻',,,,'薄,腻'
薄,,,,,薄
薄,,,,,薄
薄,,,,,薄
薄,',腻',,,,'薄,腻'
薄,,,,,薄
厚,,,,,厚
厚,,,,,厚
薄,,,,,薄
薄,,,,,薄
薄,,,,,薄
薄,,,,,薄
薄,,,,,薄
薄,,,,,薄
薄,',腻',,,,'薄,腻'
薄,,,,,薄
薄,',腻',,,,'薄,腻'
薄,,,,,薄
薄,,,,,薄
薄,,,,,薄
薄,',腻',,,,'薄,腻'
薄,,,,,薄
薄,',腻',,,,'薄,腻'
薄,',腻',,,,'薄,腻'
薄,,,,,薄
薄,,,,,薄
薄,,,,,薄
薄,,,,,薄
薄,',腻',,,,'薄,腻'
薄,,,,,薄
薄,,,,,薄
薄,,,,,薄
薄,,,,,薄
薄,',腻',,,,'薄,腻'
薄,,,,,薄
薄,,,,,薄
薄,,,,,薄
薄,,,,,薄
薄,,,,,薄
薄,,,,,薄
薄,',腻',,,,'薄,腻'
薄,,,,,薄
薄,,,,,薄
薄,',腻',,,,'薄,腻'
薄,',腻',,,,'薄,腻'
薄,',腻',,,,'薄,腻'
薄,,,,,薄
薄,,,,,薄
薄,',剥脱',,,,'薄,剥脱'
薄,,,,,薄
薄,,,,,薄
薄,,,,,薄
薄,,,,,薄
薄,,,,,薄
薄,,,,,薄
薄,,,,,薄
薄,,,,,薄
薄,,,,,薄
薄,,,,,薄
薄,,,,,薄
薄,,,,,薄
薄,,,,,薄
薄,,,,,薄
薄,,,,,薄
薄,,,,,薄
薄,,,,,薄
薄,,,,,薄
薄,,,,,薄
薄,,,,,薄
薄,,,,,薄
薄,,,,,薄
薄,,,,,薄
薄,,,,,薄
薄,,,,,薄
薄,,,,,薄
薄,',腻',,,,'薄,腻'
薄,,,,,薄
薄,',腻',,,,'薄,腻'
薄,',腻',,,,'薄,腻'
薄,,,,,薄
薄,,,,,薄
薄,,,,,薄
薄,,,,,薄
薄,,,,,薄
薄,,,,,薄
薄,,,,,薄
薄,,,,,薄
薄,,,,,薄
薄,,,,,薄
薄,,,,,薄
薄,,,,,薄
薄,,,,,薄
薄,,,,,薄
薄,,,,,薄
薄,,,,,薄
薄,,,,,薄
薄,,,,,薄
薄,,,,,薄
薄,,,,,薄
薄,,,,,薄
薄,',剥脱',,,,'薄,剥脱'
薄,,,,,薄
薄,,,,,薄
薄,,,,,薄
薄,,,,,薄
薄,,,,,薄
薄,,,,,薄
薄,,,,,薄
薄,,,,,薄
薄,,,,,薄
薄,,,,,薄
薄,',腻',,,,'薄,腻'
薄,,,,,薄
薄,',腻',,,,'薄,腻'
薄,,,,,薄
薄,',腻',,,,'薄,腻'
薄,,,,,薄
薄,,,,,薄
薄,,,,,薄
薄,,,,,薄
薄,,,,,薄
薄,',腻',,,,'薄,腻'
薄,',腻',,,,'薄,腻'
薄,,,,,薄
薄,,,,,薄
薄,,,,,薄
薄,,,,,薄
薄,,,,,薄
薄,,,,,薄
薄,,,,,薄
薄,,,,,薄
薄,,,,,薄
薄,,,,,薄
薄,,,,,薄
薄,,,,,薄
薄,,,,,薄
薄,',腻',,,,'薄,腻'
薄,,,,,薄
薄,',腻',,,,'薄,腻'
薄,',腻',,,,'薄,腻'
薄,,,,,薄
薄,,,,,薄
薄,,,,,薄
薄,,,,,薄
薄,,,,,薄
薄,,,,,薄
薄,,,,,薄
薄,,,,,薄
薄,,,,,薄
薄,,,,,薄
薄,,,,,薄
薄,',腻',,,,'薄,腻'
薄,',腻',,,,'薄,腻'
薄,,,,,薄
薄,',剥脱',,,,'薄,剥脱'
薄,',腻',,,,'薄,腻'
薄,',腻',,,,'薄,腻'
薄,',腻',,,,'薄,腻'
薄,,,,,薄
薄,,,,,薄
薄,,,,,薄
薄,',腻',,,,'薄,腻'
薄,,,,,薄
薄,,,,,薄
薄,',腻',,,,'薄,腻'
腻,',厚',,,,'腻,厚'
腻,',厚',,,,'腻,厚'
薄,,,,,薄
薄,',剥脱',,,,'薄,剥脱'
薄,,,,,薄
薄,,,,,薄
薄,,,,,薄
薄,',腻',,,,'薄,腻'
薄,',腻',,,,'薄,腻'
薄,',腻',,,,'薄,腻'
薄,,,,,薄
薄,',腻',,,,'薄,腻'
薄,,,,,薄
厚,',腻',,,,'厚,腻'
薄,,,,,薄
薄,,,,,薄
薄,,,,,薄
薄,,,,,薄
薄,,,,,薄
薄,,,,,薄
薄,',腻',,,,'薄,腻'
厚,',腻',,,,'厚,腻'
薄,,,,,薄
薄,,,,,薄
薄,,,,,薄
薄,,,,,薄
薄,,,,,薄
薄,,,,,薄
薄,,,,,薄
厚,',腻',,,,'厚,腻'
薄,',腻',,,,'薄,腻'
薄,,,,,薄
薄,,,,,薄
薄,,,,,薄
厚,',腻',,,,'厚,腻'
薄,,,,,薄
厚,',腻',,,,'厚,腻'
薄,,,,,薄
厚,',腻',,,,'厚,腻'
薄,,,,,薄
薄,,,,,薄
薄,,,,,薄
薄,,,,,薄
薄,,,,,薄
薄,,,,,薄
薄,,,,,薄
薄,,,,,薄
薄,,,,,薄
薄,,,,,薄
薄,,,,,薄
薄,,,,,薄
薄,',腻',,,,'薄,腻'
薄,,,,,薄
薄,,,,,薄
薄,,,,,薄
薄,,,,,薄
薄,,,,,薄
薄,,,,,薄
薄,',腻',,,,'薄,腻'
薄,',腻',,,,'薄,腻'
薄,',腻',,,,'薄,腻'
薄,',腻',,,,'薄,腻'
厚,',腻',,,,'厚,腻'
薄,',腻',,,,'薄,腻'
薄,',腻',,,,'薄,腻'
薄,',腻',,,,'薄,腻'
薄,,,,,薄
薄,,,,,薄
薄,,,,,薄
薄,,,,,薄
薄,,,,,薄
厚,,,,,厚
薄,,,,,薄
厚,',腻',,,,'厚,腻'
厚,',腻',,,,'厚,腻'
薄,',剥脱',,,,'薄,剥脱'
薄,,,,,薄
薄,,,,,薄
薄,,,,,薄
薄,,,,,薄
薄,,,,,薄
薄,,,,,薄
厚,,,,,厚
厚,,,,,厚
厚,,,,,厚
薄,,,,,薄
厚,,,,,厚
厚,,,,,厚
厚,,,,,厚
厚,,,,,厚
厚,,,,,厚
厚,,,,,厚
厚,,,,,厚
厚,,,,,厚
厚,,,,,厚
厚,,,,,厚
厚,,,,,厚
厚,,,,,厚
厚,,,,,厚
薄,,,,,薄
薄,,,,,薄
薄,,,,,薄
薄,,,,,薄
薄,,,,,薄
薄,,,,,薄
厚,',腻',,,,'厚,腻'
薄,,,,,薄
厚,,,,,厚
薄,,,,,薄
厚,',腻',,,,'厚,腻'
薄,,,,,薄
厚,',腻',,,,'厚,腻'
薄,,,,,薄
厚,',腻',,,,'厚,腻'
薄,,,,,薄
厚,',腻',,,,'厚,腻'
薄,,,,,薄
薄,,,,,薄
厚,',腻',,,,'厚,腻'
薄,',腻',,,,'薄,腻'
薄,,,,,薄
薄,,,,,薄
薄,',腻',,,,'薄,腻'
薄,,,,,薄
薄,,,,,薄
薄,,,,,薄
薄,,,,,薄
薄,,,,,薄
薄,,,,,薄
薄,,,,,薄
薄,,,,,薄
薄,,,,,薄
薄,,,,,薄
薄,,,,,薄
薄,,,,,薄
薄,,,,,薄
薄,,,,,薄
薄,,,,,薄
薄,,,,,薄
薄,,,,,薄
薄,,,,,薄
薄,,,,,薄
薄,,,,,薄
厚,',腻',,,,'厚,腻'
腻,',厚',,,,'腻,厚'
薄,,,,,薄
薄,,,,,薄
薄,',剥脱',,,,'薄,剥脱'
薄,',剥脱',,,,'薄,剥脱'
薄,',剥脱',,,,'薄,剥脱'
薄,,,,,薄
薄,,,,,薄
薄,,,,,薄
薄,,,,,薄
薄,,,,,薄
薄,,,,,薄
薄,',腻',,,,'薄,腻'
薄,,,,,薄
薄,',腻',剥脱,,,'薄,腻剥脱'
薄,,,,,薄
薄,,,,,薄
薄,,,,,薄
薄,,,,,薄
薄,,,,,薄
薄,,,,,薄
薄,,,,,薄
薄,',腻',,,,'薄,腻'
薄,,,,,薄
薄,,,,,薄
薄,,,,,薄
薄,',腻',,,,'薄,腻'
薄,,,,,薄
薄,',剥脱',,,,'薄,剥脱'
薄,',剥脱',,,,'薄,剥脱'
薄,',剥脱',,,,'薄,剥脱'
薄,,,,,薄
薄,,,,,薄
薄,,,,,薄
薄,,,,,薄
薄,,,,,薄
薄,',腻',,,,'薄,腻'
薄,,,,,薄
薄,,,,,薄
薄,,,,,薄
薄,,,,,薄
薄,,,,,薄
薄,,,,,薄
薄,',腻',,,,'薄,腻'
薄,,,,,薄
薄,,,,,薄
薄,,,,,薄
薄,,,,,薄
薄,,,,,薄
薄,,,,,薄
薄,,,,,薄
薄,,,,,薄
薄,,,,,薄
薄,,,,,薄
薄,,,,,薄
薄,,,,,薄
薄,,,,,薄
薄,,,,,薄
薄,,,,,薄
薄,,,,,薄
薄,,,,,薄
薄,,,,,薄
薄,,,,,薄
薄,,,,,薄
薄,,,,,薄
薄,,,,,薄
薄,,,,,薄
薄,,,,,薄
薄,,,,,薄
薄,,,,,薄
薄,,,,,薄
薄,,,,,薄
薄,',剥脱',,,,'薄,剥脱'
薄,',剥脱',,,,'薄,剥脱'
薄,',剥脱',,,,'薄,剥脱'
薄,,,,,薄
,,,,,
薄,,,,,薄
薄,,,,,薄
薄,,,,,薄
薄,,,,,薄
厚,,,,,厚
薄,,,,,薄
厚,,,,,厚
薄,,,,,薄
厚,',腻',,,,'厚,腻'
薄,,,,,薄
薄,,,,,薄
薄,,,,,薄
薄,,,,,薄
薄,,,,,薄
薄,,,,,薄
薄,,,,,薄
薄,,,,,薄
薄,,,,,薄
薄,,,,,薄
薄,,,,,薄
薄,,,,,薄
薄,,,,,薄
薄,,,,,薄
薄,,,,,薄
薄,,,,,薄
薄,,,,,薄
薄,,,,,薄
薄,,,,,薄
薄,,,,,薄
厚,',腻',,,,'厚,腻'
薄,,,,,薄
厚,',腻',,,,'厚,腻'
薄,,,,,薄
薄,,,,,薄
薄,,,,,薄
薄,,,,,薄
薄,,,,,薄
薄,,,,,薄
薄,,,,,薄
薄,,,,,薄
薄,,,,,薄
薄,,,,,薄
薄,,,,,薄
薄,,,,,薄
薄,,,,,薄
薄,,,,,薄
薄,,,,,薄
薄,,,,,薄
薄,,,,,薄
薄,,,,,薄
薄,,,,,薄
薄,,,,,薄
厚,',腻',,,,'厚,腻'
厚,,,,,厚
薄,,,,,薄
薄,,,,,薄
薄,,,,,薄
薄,,,,,薄
薄,,,,,薄
薄,,,,,薄
薄,,,,,薄
薄,,,,,薄
薄,,,,,薄
薄,,,,,薄
薄,,,,,薄
薄,',腻',,,,'薄,腻'
薄,,,,,薄
薄,',剥脱',,,,'薄,剥脱'
薄,,,,,薄
薄,,,,,薄
薄,,,,,薄
薄,,,,,薄
薄,',剥脱',,,,'薄,剥脱'
薄,,,,,薄
薄,,,,,薄
薄,,,,,薄
薄,,,,,薄
薄,,,,,薄
薄,,,,,薄
薄,,,,,薄
薄,',剥脱',,,,'薄,剥脱'
薄,,,,,薄
薄,,,,,薄
薄,',腻',,,,'薄,腻'
薄,',腻',,,,'薄,腻'
薄,,,,,薄
薄,,,,,薄
薄,',腻',,,,'薄,腻'
薄,,,,,薄
薄,,,,,薄
薄,,,,,薄
薄,,,,,薄
薄,,,,,薄
薄,,,,,薄
薄,,,,,薄
薄,,,,,薄
薄,,,,,薄
薄,,,,,薄
薄,,,,,薄
薄,,,,,薄
薄,,,,,薄
薄,,,,,薄
薄,,,,,薄
薄,,,,,薄
薄,',剥脱',,,,'薄,剥脱'
薄,,,,,薄
薄,',剥脱',,,,'薄,剥脱'
薄,,,,,薄
薄,',剥脱',,,,'薄,剥脱'
薄,',剥脱',,,,'薄,剥脱'
薄,,,,,薄
薄,,,,,薄
薄,,,,,薄
薄,,,,,薄
薄,,,,,薄
薄,,,,,薄
薄,,,,,薄
薄,,,,,薄
薄,',腻',,,,'薄,腻'
薄,,,,,薄
薄,',腻',,,,'薄,腻'
薄,,,,,薄
薄,',腻',,,,'薄,腻'
薄,,,,,薄
薄,,,,,薄
薄,',腻',,,,'薄,腻'
薄,,,,,薄
薄,',腻',,,,'薄,腻'
薄,,,,,薄
薄,,,,,薄
薄,,,,,薄
薄,,,,,薄
薄,,,,,薄
薄,,,,,薄
薄,,,,,薄
薄,,,,,薄
腻,',薄',,,,'腻,薄'
薄,,,,,薄
薄,,,,,薄
薄,,,,,薄
薄,,,,,薄
薄,',剥脱',,,,'薄,剥脱'
薄,',剥脱',,,,'薄,剥脱'
厚,,,,,厚
薄,',剥脱',,,,'薄,剥脱'
薄,',剥脱',,,,'薄,剥脱'
薄,',剥脱',,,,'薄,剥脱'
薄,,,,,薄
薄,,,,,薄
薄,,,,,薄
薄,,,,,薄
薄,,,,,薄
薄,,,,,薄
薄,,,,,薄
厚,',腻',,,,'厚,腻'
薄,,,,,薄
薄,,,,,薄
薄,,,,,薄
厚,',腻',,,,'厚,腻'
厚,',腻',,,,'厚,腻'
薄,,,,,薄
薄,,,,,薄
薄,,,,,薄
厚,',腻',,,,'厚,腻'
厚,',腻',,,,'厚,腻'
厚,',腻',,,,'厚,腻'
厚,',腻',,,,'厚,腻'
厚,',腻',,,,'厚,腻'
厚,',腻',,,,'厚,腻'
薄,,,,,薄
薄,',腻',,,,'薄,腻'
薄,,,,,薄
薄,,,,,薄
薄,,,,,薄
薄,,,,,薄
厚,,,,,厚
薄,,,,,薄
厚,',腻',,,,'厚,腻'
薄,,,,,薄
薄,,,,,薄
薄,,,,,薄
薄,,,,,薄
厚,',腻',,,,'厚,腻'
薄,',腻',,,,'薄,腻'
薄,',腻',,,,'薄,腻'
薄,',腻',,,,'薄,腻'
薄,',腻',,,,'薄,腻'
厚,',腻',,,,'厚,腻'
薄,,,,,薄
薄,,,,,薄
薄,,,,,薄
薄,',腻',,,,'薄,腻'
薄,,,,,薄
薄,',腻',,,,'薄,腻'
薄,',腻',,,,'薄,腻'
厚,',腻',,,,'厚,腻'
薄,',腻',,,,'薄,腻'
薄,',腻',,,,'薄,腻'
薄,',腻',,,,'薄,腻'
薄,,,,,薄
薄,',腻',,,,'薄,腻'
薄,,,,,薄
厚,',腻',,,,'厚,腻'
薄,,,,,薄
薄,,,,,薄
薄,,,,,薄
薄,,,,,薄
薄,,,,,薄
薄,,,,,薄
薄,,,,,薄
薄,,,,,薄
薄,,,,,薄
薄,,,,,薄
薄,,,,,薄
薄,,,,,薄
薄,,,,,薄
薄,,,,,薄
薄,,,,,薄
薄,,,,,薄
薄,,,,,薄
薄,,,,,薄
薄,,,,,薄
薄,,,,,薄
薄,',腻',,,,'薄,腻'
薄,,,,,薄
薄,,,,,薄
薄,,,,,薄
薄,,,,,薄
薄,,,,,薄
薄,,,,,薄
薄,,,,,薄
薄,,,,,薄
薄,,,,,薄
薄,,,,,薄
厚,',腻',,,,'厚,腻'
薄,,,,,薄
,,,,,
薄,,,,,薄
薄,,,,,薄
厚,,,,,厚
薄,,,,,薄
薄,,,,,薄
薄,,,,,薄
薄,,,,,薄
薄,,,,,薄
薄,,,,,薄
薄,,,,,薄
薄,,,,,薄
厚,,,,,厚
厚,',腻',,,,'厚,腻'
薄,,,,,薄
薄,,,,,薄
薄,,,,,薄
薄,,,,,薄
薄,,,,,薄
薄,,,,,薄
薄,,,,,薄
薄,,,,,薄
薄,,,,,薄
薄,,,,,薄
薄,,,,,薄
薄,,,,,薄
薄,,,,,薄
薄,,,,,薄
薄,,,,,薄
厚,,,,,厚
薄,,,,,薄
薄,,,,,薄
薄,',腻',,,,'薄,腻'
薄,,,,,薄
薄,',腻',,,,'薄,腻'
薄,',腻',,,,'薄,腻'
厚,',腻',,,,'厚,腻'
薄,',腻',,,,'薄,腻'
薄,,,,,薄
厚,,,,,厚
薄,,,,,薄
薄,,,,,薄
薄,,,,,薄
薄,,,,,薄
薄,,,,,薄
厚,',腻',,,,'厚,腻'
厚,',腻',,,,'厚,腻'
薄,,,,,薄
薄,,,,,薄
薄,,,,,薄
薄,,,,,薄
薄,,,,,薄
薄,,,,,薄
薄,,,,,薄
薄,',腻',,,,'薄,腻'
薄,,,,,薄
薄,,,,,薄
薄,,,,,薄
薄,,,,,薄
薄,,,,,薄
薄,,,,,薄
薄,,,,,薄
薄,,,,,薄
薄,,,,,薄
薄,',腻',,,,'薄,腻'
薄,,,,,薄
薄,,,,,薄
厚,',腻',,,,'厚,腻'
厚,',腻',,,,'厚,腻'
厚,',腻',,,,'厚,腻'
厚,',腻',,,,'厚,腻'
厚,',腻',,,,'厚,腻'
薄,,,,,薄
薄,,,,,薄
厚,',腻',,,,'厚,腻'
厚,',腻',,,,'厚,腻'
薄,,,,,薄
薄,',腻',,,,'薄,腻'
薄,',腻',,,,'薄,腻'
薄,',腻',,,,'薄,腻'
薄,',腻',,,,'薄,腻'
薄,',腻',,,,'薄,腻'
腻,',薄',,,,'腻,薄'
厚,',腻',,,,'厚,腻'
薄,',腻',,,,'薄,腻'
薄,',腻',,,,'薄,腻'
薄,,,,,薄
薄,,,,,薄
薄,,,,,薄
薄,,,,,薄
薄,,,,,薄
厚,',腻',,,,'厚,腻'
薄,,,,,薄
薄,,,,,薄
薄,,,,,薄
薄,,,,,薄
薄,,,,,薄
薄,,,,,薄
薄,,,,,薄
薄,,,,,薄
薄,,,,,薄
薄,,,,,薄
薄,,,,,薄
薄,,,,,薄
薄,,,,,薄
薄,,,,,薄
薄,,,,,薄
薄,,,,,薄
薄,,,,,薄
厚,,,,,厚
厚,',腻',,,,'厚,腻'
薄,,,,,薄
薄,,,,,薄
薄,,,,,薄
薄,,,,,薄
薄,,,,,薄
薄,,,,,薄
薄,,,,,薄
薄,,,,,薄
薄,,,,,薄
薄,,,,,薄
薄,,,,,薄
薄,,,,,薄
薄,,,,,薄
